repo_owner,repo_name,Category,Number of Components,vulnerability-proneness-all,branches,releases,forks,watchers,stargazers,contributors,size,totalIssues,openIssues,totalPullRequests,openPullRequests,codeLines,vp-category-equalfreq
10up,action-repo-automator,code review,50,2.0,3,7,4,43,18,5,3775,30,3,30,0,3775000,0
1password,load-secrets-action,security,21,5.0,6,11,29,14,208,10,452,30,19,30,3,452000,1
42crunch,api-security-audit-action,testing,94,1.0,3,3,14,4,33,4,3253,24,0,19,0,3253000,0
8398a7,action-slack,chat,59,2.0,6,30,134,5,595,25,6527,30,31,30,1,6527000,0
alexsim93,pull-request-analytics-action,monitoring,79,5.0,5,30,11,3,118,4,1324,30,1,30,0,1324000,1
anmol-baranwal,devtogithub,utilities,2,1.0,2,3,0,2,16,2,731,3,0,2,0,731000,0
apple-actions,download-provisioning-profiles,mobile,48,9.0,3,3,38,12,75,3,1144,17,8,9,2,1144000,2
artiomtr,jest-coverage-report-action,monitoring,348,21.0,16,30,145,4,508,30,15362,30,42,30,4,15362000,2
azure,cli,deployment,26,1.0,30,14,54,20,134,21,3931,30,11,30,1,3931000,0
azure,k8s-deploy,deployment,214,6.0,30,27,105,21,263,30,31595,30,28,30,4,31595000,1
azure,k8s-lint,code review,17,0.0,19,3,13,16,35,16,19875,30,3,30,2,19875000,0
azure,k8s-set-context,deployment,132,4.0,21,8,35,21,90,21,35689,30,5,30,2,35689000,1
azure,mysql,deployment,44,6.0,28,2,11,12,11,15,36618,30,16,30,16,36618000,1
azure,pipelines,deployment,8,1.0,26,1,88,12,81,12,3500,30,46,30,19,3500000,0
balastrong,chess-stats-action,utilities,9,3.0,2,5,4,2,22,6,758,20,3,11,0,758000,1
betahuhn,deploy-to-vercel-action,deployment,161,10.0,7,30,73,4,151,15,1151,30,15,30,6,1151000,2
bhacaz,docs-as-code-confluence,utilities,49,3.0,1,9,20,1,39,4,5316,19,3,12,0,5316000,1
chocobo1,setup-ccache-action,utilities,83,13.0,1,30,4,2,13,2,13895,20,1,9,0,13895000,2
circleci-public,trigger-circleci-pipeline-action,deployment,36,4.0,13,10,43,13,49,15,447,30,21,30,5,447000,1
cyberbeni,install-swift-tool,utilities,432,4.0,7,30,2,2,19,15,25860,30,3,30,1,25860000,1
cyclonedx,gh-node-module-generatebom,security,9,1.0,2,4,6,6,21,5,127,22,3,17,1,127000,0
datadog,synthetics-ci-github-action,testing,856,11.0,4,30,15,8,45,17,34547,30,1,30,0,34547000,2
davideviolante,pr-reviews-reminder-action,code review,20,0.0,1,30,20,4,45,6,1232,30,4,30,0,1232000,0
delaguardo,setup-clojure,utilities,65,32.0,5,30,30,9,194,14,9436,30,13,30,4,9436000,2
dependencytrack,gh-upload-sbom,security,4,1.0,3,6,26,5,48,13,127,30,6,27,2,127000,0
devcyclehq,feature-flag-code-usage-action,code review,419,3.0,7,16,4,6,19,11,1306,30,2,30,2,1306000,1
devcyclehq,feature-flag-pr-insights-action,code review,403,2.0,10,20,3,6,19,10,1668,30,5,30,4,1668000,0
dopplerhq,cli-action,security,15,3.0,3,3,9,4,52,3,1589,12,2,12,2,1589000,1
expediagroup,github-helpers,utilities,70,11.0,2,30,29,3,35,22,11017,30,3,30,2,11017000,2
expediagroup,spinnaker-pipeline-trigger,project management,755,11.0,13,9,8,3,15,7,3285,30,11,30,7,3285000,2
grantbirki,git-diff-action,utilities,47,2.0,1,20,3,2,16,4,2018,30,1,30,0,2018000,0
greentf,upload-thunderstore-package,publishing,6,0.0,5,16,4,2,15,3,174,30,0,16,0,174000,0
hardnorth,github-version-generate,publishing,37,3.0,2,9,3,2,24,2,1391,30,0,30,0,1391000,1
hatsunemiku3939,direnv-action,testing,71,6.0,4,8,12,3,27,3,5226,30,8,30,3,5226000,1
jamesives,fetch-api-data-action,utilities,473,2.0,7,27,13,2,115,7,35535,30,3,30,2,35535000,0
jamesives,github-pages-deploy-action,deployment,509,2.0,14,30,367,18,4352,30,85019,30,9,30,3,85019000,0
jarvusinnovations,background-action,utilities,34,3.0,4,5,10,5,33,7,2378,30,6,30,2,2378000,1
jasonetco,build-and-tag-action,publishing,80,6.0,1,16,36,4,96,7,539,30,16,30,7,539000,1
jasonetco,create-an-issue,project management,112,5.0,4,22,87,10,274,11,1221,30,21,30,5,1221000,1
jetbrains,qodana-action,security,320,8.0,24,30,40,15,270,15,20491,30,4,30,3,20491000,2
jorelali,setup-elm,continuous integration,7,0.0,2,6,6,3,29,7,108,12,1,8,0,108000,0
jtalk,url-health-check-action,testing,35,0.0,1,13,18,3,75,5,252,29,1,17,0,252000,0
julienkode,team-labeler-action,code review,589,3.0,15,6,43,2,49,10,55643,30,9,30,7,55643000,1
kylemayes,install-llvm-action,dependency management,284,3.0,2,29,52,6,110,11,1473,30,3,30,2,1473000,1
legion2,swagger-ui-action,utilities,41,2.0,8,13,8,2,53,4,2942,30,11,30,7,2942000,0
louisbrunner,checks-action,api management,40,3.0,2,14,57,5,207,7,2013,30,4,30,0,2013000,1
luisalejandro,movie-box,utilities,200,4.0,7,4,8,2,23,4,868,30,3,30,3,868000,1
markusjx,install-boost,continuous integration,120,12.0,4,15,4,2,68,4,3507,30,2,24,2,3507000,2
mastersam07,firebase-app-distribution-action,publishing,64,7.0,5,3,4,2,18,3,881,20,5,18,4,881000,2
meilcli,npm-update-check-action,utilities,30,0.0,6,30,1,3,24,4,3939,30,3,30,3,3939000,0
mishakav,pytest-coverage-comment,testing,41,2.0,6,30,60,2,192,15,714,30,11,30,6,714000,0
morrisoncole,pr-lint-action,utilities,503,23.0,4,19,23,3,65,13,57435,30,14,30,0,57435000,2
mozilla-actions,sccache-action,dependency management,33,2.0,6,7,24,2,129,14,1255,30,15,30,5,1255000,0
octopusdeploy,install-octopus-cli-action,deployment,25,0.0,6,16,18,17,82,17,11777,30,10,30,1,11777000,0
reactivecircus,android-emulator-runner,testing,28,24.0,6,30,201,15,1014,30,1968,30,76,30,8,1968000,2
readme-workflows,recent-activity,utilities,129,7.0,12,15,45,2,135,10,26228,30,10,30,9,26228000,2
rebilly,lexi,code review,582,4.0,1,14,2,21,39,7,5829,30,1,30,0,5829000,1
reedyuk,npm-version,publishing,8,1.0,1,7,5,3,19,5,60,9,1,5,0,60000,0
reggionick,s3-deploy,deployment,10,0.0,10,12,84,4,249,18,477,30,14,30,3,477000,0
satak,webrequest-action,utilities,19,8.0,3,10,16,2,48,2,1120,30,2,30,2,1120000,2
scribemd,docker-cache,utilities,575,20.0,4,26,28,1,105,4,50542,30,14,30,6,50542000,2
sethcohen,github-releases-to-discord,deployment,35,2.0,1,26,9,2,29,7,1232,30,1,30,0,1232000,0
simonscholz,google-chat-action,chat,38,1.0,7,2,5,2,19,2,981,30,7,30,6,981000,0
spectralops,spectral-github-action,security,12,3.0,3,5,9,3,14,8,199,15,1,10,1,199000,1
svanboxel,zaproxy-to-ghas,testing,25,4.0,2,3,4,3,16,4,326,30,6,30,2,326000,1
themrmilchmann,setup-msvc-dev,utilities,133,1.0,5,7,2,3,15,3,241025,30,1,30,1,241025000,0
timdaub,hetzner-cloud-deploy-server-action,deployment,5,3.0,1,1,14,6,33,2,92,19,7,3,0,92000,1
tinkurlab,issue-labeler-action,project management,26,0.0,4,10,2,2,12,2,1008,30,4,30,2,1008000,0
tinkurlab,monorepo-pr-labeler-action,code review,28,3.0,4,15,14,4,99,8,618,30,7,30,3,618000,1
tryghost,action-deploy-theme,deployment,420,1.0,2,14,47,14,363,15,1104,30,6,30,2,1104000,0
tyrrrz,action-http-request,utilities,9,0.0,1,1,5,2,15,2,33,9,0,9,0,33000,0
wandalen,wretry.action,deployment,16,0.0,2,30,24,4,107,8,9202,30,4,30,0,9202000,0
yockow,action-setup-swift,utilities,39,0.0,6,28,3,2,22,3,10133,30,0,30,0,10133000,0
zqzqsb,multisourcesnake,utilities,1154,25.0,1,11,0,1,25,1,2657,0,0,0,0,2657000,2
agallea,tests-coverage-report,code review,40,3.0,21,10,0,1,24,3,1340,30,7,30,4,1340000,1
abel0b,setup-premake,continuous integration,10,2.0,2,6,6,3,17,6,203,11,0,7,0,203000,0
abeyuya,actions-mention-to-slack,chat,45,3.0,12,6,21,2,58,4,9103,30,11,30,10,9103000,1
abronin,ecr-retag-action,utilities,594,10.0,1,8,8,2,28,1,2206,10,2,6,1,2206000,2
antongolub,action-setup-bun,continuous integration,176,16.0,3,30,0,3,50,2,2331,30,2,30,2,2331000,2
apexskier,github-release-commenter,utilities,614,28.0,5,30,4,3,24,3,2003,30,7,30,2,2003000,2
aquiladev,ipfs-action,deployment,396,14.0,8,29,46,3,179,4,31794,30,9,30,6,31794000,2
ardalanamini,auto-changelog,utilities,602,5.0,6,28,15,2,26,4,7842,30,8,30,5,7842000,1
arduino,arduino-lint-action,testing,92,1.0,5,4,9,10,47,9,4220,30,6,30,2,4220000,0
arduino,setup-arduino-cli,utilities,22,0.0,4,5,10,15,76,9,1073,30,2,30,1,1073000,0
ashutoshvarma,action-cmake-build,testing,5,1.0,27,1,10,2,24,3,871,30,31,30,14,871000,0
ashutoshvarma,setup-ninja,utilities,62,13.0,8,2,7,1,15,3,1846,24,12,20,9,1846000,2
aslafy-z,conventional-pr-title-action,code review,126,1.0,9,30,35,3,85,7,16446,30,0,30,0,16446000,0
astral-sh,setup-uv,utilities,107,12.0,10,30,25,4,286,14,6462,30,13,30,1,6462000,2
atalent-labs,404-links,code quality,51,0.0,3,11,2,2,18,3,11655,30,2,30,2,11655000,0
atlassian,gajira-create,project management,612,14.0,7,6,33,34,60,7,889,30,16,30,3,889000,2
auguwu,clippy-action,utilities,5,2.0,1,9,3,1,18,4,4479,30,1,30,0,4479000,0
autero1,action-terragrunt,deployment,39,1.0,9,13,25,4,59,11,1404,30,6,30,3,1404000,0
aws-actions,amazon-ecr-login,deployment,102,0.0,6,30,180,23,957,26,32618,30,32,30,2,32618000,0
aws-actions,amazon-ecs-render-task-definition,deployment,96,1.0,10,30,148,11,292,25,3468,30,30,30,3,3468000,0
aws-actions,aws-secretsmanager-get-secrets,security,106,7.0,11,17,38,6,151,8,2739,30,16,30,8,2739000,2
balena-io,deploy-to-balena-action,container ci,196,2.0,30,30,14,15,39,20,2922,30,31,30,4,2922000,0
batista,lint-filenames,utilities,36,4.0,12,3,6,2,31,3,1426,30,14,30,6,1426000,1
bazelbuild,setup-bazelisk,testing,76,9.0,1,4,9,5,56,7,1902,30,0,30,0,1902000,2
benc-uk,workflow-dispatch,deployment,5,2.0,4,4,128,6,339,5,486,30,12,30,3,486000,0
benchmark-action,github-action-benchmark,code quality,104,5.0,6,30,166,7,1064,30,5648,30,111,30,12,5648000,1
biomejs,setup-biome,utilities,45,27.0,1,10,8,7,63,11,1288,30,1,30,0,1288000,2
blombard,move-to-next-iteration,utilities,25,2.0,1,6,16,1,38,5,141,25,6,11,0,141000,0
bobheadxi,deployments,deployment,36,2.0,9,24,63,7,387,25,32070,30,12,30,6,32070000,0
borchero,terraform-plan-comment,deployment,596,6.0,2,7,13,4,91,4,559,30,14,24,3,559000,1
brown-ccv,alex-recommends,code review,363,16.0,12,6,3,4,28,6,1178,26,14,21,11,1178000,2
chf007,action-wechat-work,chat,10,3.0,3,9,16,2,36,3,863,17,3,10,2,863000,1
chrisdickinson,setup-yq,utilities,8,2.0,1,1,21,4,28,4,44,14,3,7,1,44000,0
cloudflare,pages-action,deployment,44,12.0,2,8,99,14,472,17,263,30,17,30,0,263000,2
codfish,semantic-release-action,deployment,532,7.0,5,29,20,3,114,9,682,30,3,30,0,682000,2
corymhall,cdk-diff-action,continuous integration,845,74.0,4,30,10,1,47,5,99746,30,8,30,1,99746000,2
crazy-max,ghaction-import-gpg,security,574,12.0,10,30,79,6,330,9,8345,30,12,30,5,8345000,2
crazy-max,ghaction-setup-containerd,utilities,590,5.0,8,11,1,3,18,3,5091,30,7,30,5,5091000,1
crazy-max,ghaction-upx,deployment,577,4.0,6,16,3,3,56,5,11377,30,4,30,4,11377000,1
crazyurus,miniprogram-action,deployment,934,22.0,1,2,9,1,14,1,160,6,3,1,0,160000,2
dailydotdev,action-devcard,utilities,190,2.0,4,14,15,4,98,9,12119,30,5,30,3,12119000,0
danielpalme,reportgenerator-github-action,testing,9,0.0,1,30,7,2,74,3,472,21,0,6,0,472000,0
darenm,setup-vstest,testing,33,2.0,8,5,8,2,24,4,3776,29,4,23,4,3776000,0
dataaxiom,ghcr-cleanup-action,container ci,67,10.0,7,16,5,1,32,6,10594,30,7,30,6,10594000,2
davelosert,vitest-coverage-report-action,testing,38,3.0,6,20,22,3,172,13,7034,30,10,30,1,7034000,1
davidb,rust-cargo-make,deployment,32,2.0,4,14,6,3,32,4,2338,30,0,30,0,2338000,0
dawidd6,action-ansible-playbook,deployment,11,2.0,1,18,69,5,319,10,1004,30,9,30,0,1004000,0
de-vri-es,setup-git-credentials,security,11,0.0,1,11,21,4,90,7,9641,30,2,13,0,9641000,0
descope,assume-aws-role-from-gcp-action,security,669,6.0,10,3,0,2,13,5,17378,30,10,30,9,17378000,1
dessant,lock-threads,project management,35,5.0,1,12,36,10,316,3,1878,30,6,14,3,1878000,1
devops-actions,json-to-file,utilities,51,3.0,2,5,13,1,12,6,1347,30,1,30,1,1347000,1
dhall-lang,setup-dhall,dependency management,8,6.0,1,5,7,4,15,5,56,11,3,6,0,56000,1
di-sukharev,opencommit,utilities,234,14.0,19,3,344,26,6351,30,10079,30,155,30,5,10079000,2
dineshsonachalam,markdown-autodocs,deployment,6,0.0,17,8,17,2,186,3,8955,30,2,19,0,8955000,0
dkershner6,aws-ssm-getparameters-action,deployment,743,8.0,8,6,16,3,25,5,2214,30,6,30,4,2214000,2
dkershner6,jest-coverage-commenter-action,code review,665,10.0,30,6,5,3,14,2,1029,30,29,30,19,1029000,2
dlemstra,code-sign-action,security,9,2.0,1,1,67,2,32,9,243,22,0,15,0,243000,0
docker,setup-buildx-action,container ci,709,4.0,3,30,171,17,1041,11,27403,30,13,30,0,27403000,1
docker-practice,actions-setup-docker,container ci,4,1.0,3,15,36,3,95,3,737,30,15,9,2,737000,0
dorny,test-reporter,testing,134,14.0,14,15,218,15,875,30,13597,30,123,30,8,13597000,2
dotnet,nbgv,project management,312,3.0,7,7,8,6,53,6,19222,30,5,30,5,19222000,1
dromara,issues-translate-action,localization,149,20.0,12,11,28,7,196,4,978,30,11,30,6,978000,2
dynatrace-oss,dynatrace-github-action,utilities,23,1.0,18,9,7,5,32,6,902,30,22,30,7,902000,0
editorconfig-checker,action-editorconfig-checker,utilities,32,6.0,1,6,5,9,22,7,606,30,0,30,0,606000,1
einaregilsson,beanstalk-deploy,deployment,0,8.0,6,20,138,4,629,12,74,30,40,30,4,74000,2
endorlabs,github-action,security,650,7.0,15,11,2,15,45,16,8474,30,1,30,1,8474000,2
eregon,publish-release,deployment,54,2.0,3,8,9,3,38,5,287,15,1,11,1,287000,0
errata-ai,vale-action,testing,97,2.0,4,16,52,8,204,20,46066,30,18,30,1,46066000,0
exercism,pr-commenter-action,code review,35,1.0,3,8,16,4,39,9,289,30,5,30,2,289000,0
expo,expo-github-action,deployment,14,37.0,30,30,80,7,833,30,30076,30,43,30,6,30076000,2
fabasoad,twilio-voice-call-action,utilities,351,2.0,1,29,2,2,16,6,18089,30,0,30,0,18089000,0
fjogeleit,yaml-update-action,utilities,58,5.0,3,27,48,5,148,11,3978,30,6,30,2,3978000,1
forcedotcom,run-code-analyzer,security,150,10.0,5,3,3,5,45,3,2360,30,4,30,3,2360000,2
fpicalausa,remove-stale-branches,utilities,28,3.0,7,16,11,3,20,8,2290,30,15,17,3,2290000,1
frictionlessdata,frictionless-ci,code quality,5,0.0,3,2,12,10,39,8,3794,30,14,18,2,3794000,0
fwilhe2,setup-kotlin,continuous integration,489,2.0,7,21,7,2,31,5,4708,30,2,30,2,4708000,0
gabrielfalcao,pyenv-action,dependency management,35,6.0,16,18,20,4,39,7,1999,30,22,30,13,1999000,1
gagoar,codeowners-generator,utilities,97,2.0,6,7,10,5,57,15,1449,30,12,30,4,1449000,0
game-ci,unity-builder,game ci,922,27.0,19,30,269,16,883,30,89242,30,78,30,15,89242000,2
gautamkrishnar,keepalive-workflow,utilities,83,5.0,2,27,28,3,191,16,701,30,0,23,0,701000,1
getong,mariadb-action,container ci,249,25.0,1,12,9,3,25,6,34,17,2,11,0,34000,2
github,accessibility-alt-text-bot,utilities,344,1.0,23,9,16,7,78,8,9239,30,3,30,0,9239000,0
github,branch-deploy,deployment,51,6.0,1,30,50,67,421,18,31597,30,4,30,0,31597000,1
github,combine-prs,utilities,36,3.0,4,19,6,66,121,10,2940,30,7,30,2,2940000,1
github,command,utilities,48,2.0,1,10,6,39,109,5,3663,30,2,30,0,3663000,0
google-github-actions,deploy-cloudrun,deployment,92,4.0,3,30,120,11,490,16,4550,30,6,30,1,4550000,1
google-github-actions,get-gke-credentials,deployment,43,4.0,3,24,39,5,108,9,3828,30,1,30,0,3828000,1
google-github-actions,upload-cloud-storage,deployment,106,6.0,3,30,51,11,233,11,7540,30,0,30,0,7540000,1
grassedge,git-pr-release-action,deployment,431,43.0,16,1,9,1,15,1,1819,24,20,20,16,1819000,2
h5bp,server-configs-test,testing,177,1.0,2,30,17,6,42,4,5584,30,0,30,0,5584000,0
jimmygchen,runner-fallback-action,utilities,14,1.0,9,2,7,4,21,4,291,27,6,27,6,291000,0
jitterbit,get-changed-files,utilities,653,41.0,15,1,145,5,230,2,408,30,50,30,20,408000,2
joao-zanutto,get-selected,utilities,38,2.0,4,3,0,1,18,1,412,16,4,14,3,412000,0
jontze,action-mdbook,deployment,801,2.0,3,13,3,1,14,4,3379,30,4,30,1,3379000,0
jpb06,jest-badges-action,testing,673,12.0,3,30,19,2,35,3,1600,30,0,30,0,1600000,2
julia-actions,registeraction,publishing,22,3.0,1,7,4,3,17,1,869,13,6,5,1,869000,1
julia-actions,install-juliaup,continuous integration,41,0.0,5,13,2,2,17,2,1031,30,9,30,4,1031000,0
jwgmeligmeyling,pmd-github-action,security,70,7.0,12,2,9,2,13,2,1040,30,16,30,6,1040000,2
kamilkisiela,bob,continuous integration,541,17.0,10,23,12,7,48,13,1310,30,19,30,1,1310000,2
kanadgupta,glitch-sync,deployment,5,0.0,1,7,19,1,45,2,1113,30,0,30,0,1113000,0
kanga333,variable-mapper,utilities,18,1.0,2,6,34,4,44,3,796,30,7,30,2,796000,0
kevin-david,zipalign-sign-android-release,publishing,17,0.0,3,4,9,2,23,10,41894,23,1,23,1,41894000,0
kiegroup,git-backporting,continuous integration,68,14.0,1,27,9,2,19,8,2487,30,10,30,0,2487000,2
kiegroup,github-action-build-chain,utilities,103,13.0,11,30,25,5,86,11,5426,30,28,30,1,5426000,2
kitabisa,docker-slim-action,utilities,55,0.0,4,6,5,4,25,4,3973,15,1,8,0,3973000,0
ksivamuthu,aws-copilot-github-action,deployment,13,1.0,7,8,18,4,31,5,540,30,12,30,6,540000,0
layer5labs,kanvas-snapshot,code review,513,13.0,26,30,24,5,28,17,1213,30,5,30,2,1213000,2
laytan,setup-odin,utilities,120,14.0,3,17,3,3,19,3,16740,30,1,30,0,16740000,2
leanix,nx-affected-dependencies-action,deployment,9,3.0,11,3,0,2,17,2,357,30,10,30,6,357000,1
lhotari,action-upterm,utilities,2,1.0,2,1,35,5,427,4,40,30,16,7,1,40000,0
lindluni,actions-variable-groups,utilities,29,1.0,1,12,3,1,15,3,342,10,1,4,0,342000,0
loopwerk,tag-changelog,deployment,37,1.0,1,16,15,4,62,4,311,18,0,7,0,311000,0
lukka,run-cmake,dependency management,378,4.0,8,21,21,5,187,9,2361,30,8,30,0,2361000,1
lukka,run-vcpkg,dependency management,422,17.0,15,30,27,5,199,9,4251,30,4,30,0,4251000,2
lwojcik,github-action-feed-to-social-media,utilities,3,0.0,1,0,4,1,31,2,1871,30,0,30,0,1871000,0
machulav,ec2-github-runner,utilities,111,1.0,6,17,348,10,767,13,6121,30,67,30,7,6121000,0
mainmatter,ember-asset-size-action,deployment,124,10.0,11,6,15,6,22,10,2053,30,12,30,9,2053000,2
managedcode,mauiappversion,deployment,27,0.0,1,8,1,1,20,2,821,4,1,1,0,821000,0
manusa,actions-setup-minikube,container ci,43,5.0,6,27,27,4,61,5,16197,30,10,30,4,16197000,1
marocchino,validate-dependabot,dependency management,754,4.0,7,7,5,3,26,4,3869,30,11,30,5,3869000,1
martincostello,update-dotnet-sdk,utilities,72,4.0,1,30,1,3,18,5,14804,30,3,30,0,14804000,1
masci,datadog,monitoring,13,0.0,1,18,22,3,74,5,800,30,0,30,0,800000,0
matlab-actions,setup-matlab,utilities,61,0.0,8,24,13,9,79,6,2975,30,19,30,2,2975000,0
mattermost,action-mattermost-notify,utilities,17,2.0,1,6,10,34,44,5,2277,19,3,11,1,2277000,0
mattzcarey,code-review-gpt,code review,1162,19.0,30,21,184,25,1798,30,4332,30,7,30,1,4332000,2
mbogh,test-ssl-action,security,10,4.0,1,6,5,2,22,3,258,10,2,8,1,258000,1
mheap,automatic-approve-action,testing,32,1.0,8,10,2,3,15,3,773,23,5,17,5,773000,0
mheap,require-checklist-action,code review,30,1.0,7,11,18,3,27,7,593,30,6,30,5,593000,0
microsoft,richcodenavindexer,code review,380,40.0,13,30,14,8,26,13,80074,30,5,30,1,80074000,2
mikepenz,action-junit-report,testing,145,3.0,30,30,133,5,341,26,13753,30,9,30,4,13753000,1
mikesprague,teams-incoming-webhook-action,utilities,58,3.0,1,30,5,5,23,2,4710,30,3,30,0,4710000,1
mlg87,pr-reviewer-slack-notify-action,code review,1093,8.0,8,30,7,2,26,9,57203,30,9,30,1,57203000,2
mlugg,setup-zig,utilities,78,2.0,2,5,11,2,116,6,5353,24,7,11,0,5353000,0
moonrepo,setup-rust,utilities,406,4.0,1,27,9,4,102,4,5571,25,7,12,1,5571000,1
moropo-com,action-trigger-test-run,testing,44,5.0,4,14,1,1,13,6,986,30,1,30,0,986000,1
mrrobotdotapp,classic-discord-webhook,chat,62,4.0,1,8,8,2,17,7,3126,19,0,16,0,3126000,1
necojackarc,auto-request-review,code review,36,2.0,2,19,34,3,130,15,199,30,25,30,2,199000,0
nelonoel,branch-name,deployment,3,1.0,5,2,23,2,60,2,40,19,10,14,6,40000,0
nick-fields,retry,utilities,15,5.0,8,23,88,3,447,17,980,30,44,30,12,980000,1
nicklegan,github-org-repo-metrics-action,utilities,66,8.0,1,6,9,0,19,1,535,30,3,30,0,535000,2
nix-community,cache-nix-action,continuous integration,92,22.0,5,18,9,1,45,30,22173,30,12,11,0,22173000,2
nowsecure,nowsecure-action,security,480,27.0,2,4,15,8,37,8,6805,30,0,30,0,6805000,2
ookami-kb,gh-pr-size-watcher,code review,28,6.0,1,7,5,3,13,1,965,12,1,8,0,965000,1
oprypin,find-latest-tag,dependency management,28,1.0,3,8,15,3,34,4,3263,15,5,7,2,3263000,0
opsless,ms-teams-github-actions,continuous integration,55,13.0,11,20,8,4,39,5,1405,30,14,30,10,1405000,2
oracle-actions,run-oci-cli-command,deployment,18,1.0,6,7,9,5,29,2,792,30,5,30,5,792000,0
paambaati,codeclimate-action,code review,508,2.0,18,30,65,5,202,20,21610,30,13,30,5,21610000,0
parkerbxyz,suggest-changes,code review,26,1.0,7,10,6,4,13,6,1410,30,5,30,3,1410000,0
pascalgn,automerge-action,code review,389,9.0,11,30,215,9,877,30,1866,30,34,30,8,1866000,2
peaceiris,actions-mdbook,deployment,28,0.0,7,25,24,3,305,5,2009,30,18,30,4,2009000,0
peaceiris,actions-suggest-related-links,utilities,124,13.0,19,5,2,3,31,3,1387,30,24,30,13,1387000,2
peckjon,reject-pr-approval-from-committer,code review,33,1.0,5,4,3,0,11,11,771,24,5,22,4,771000,0
peter-evans,find-comment,utilities,36,3.0,1,16,63,4,189,8,2315,30,2,30,0,2315000,1
philips-software,sonar-scanner-action,code quality,387,4.0,6,7,16,2,12,11,1291,30,12,30,3,1291000,1
pixee,upload-tool-results-action,security,50,6.0,4,17,0,4,14,5,1999,30,2,30,0,1999000,1
shadowmoose,gha-loc-badge,utilities,22,3.0,4,1,16,2,36,2,1144,8,5,5,2,1144000,1
shallwefootball,upload-s3-action,continuous integration,73,3.0,1,10,158,2,169,9,270,30,30,30,8,270000,1
sherlo-io,sherlo,testing,2884,33.0,8,30,1,1,28,4,275109,30,1,30,1,275109000,2
shimataro,ssh-key-action,deployment,13,6.0,4,26,89,8,586,2,13425,30,15,30,2,13425000,1
shioyang,check-pr-labels-on-push-action,project management,24,3.0,3,13,18,2,16,1,201,30,4,30,2,201000,1
shogo82148,actions-setup-redis,testing,49,0.0,6,30,2,3,38,4,5695,30,7,30,4,5695000,0
shogo82148,actions-upload-release-asset,publishing,28,0.0,6,30,7,2,81,4,5971,30,6,30,3,5971000,0
shonansurvivors,actions-s3-cache,deployment,22,10.0,8,2,13,1,13,1,746,15,4,14,3,746000,2
sibiraj-s,action-eslint,code quality,31,4.0,1,15,15,4,47,9,598,22,3,11,1,598000,1
sinedied,publish-devto,deployment,526,5.0,2,1,8,5,39,3,1653,30,3,27,0,1653000,1
softprops,setup-aws-copilot,deployment,10,2.0,1,1,19,5,26,3,157,9,2,8,1,157000,0
squarecloudofc,github-action,deployment,32,3.0,1,7,0,0,18,3,753,1,0,1,0,753000,1
stainless-api,upload-openapi-spec-action,utilities,167,2.0,23,9,7,3,14,11,1047,30,10,30,9,1047000,0
steffen-karlsson,stalesweeper,support,19,5.0,2,4,0,1,11,2,2513,24,3,22,1,2513000,1
step-security,wait-for-secrets,security,37,1.0,14,8,18,3,279,7,4858,30,18,30,8,4858000,0
stepci,stepci,testing,281,5.0,4,30,78,12,1696,18,508,30,59,30,5,508000,1
stoat-dev,stoat-action,utilities,2607,28.0,6,14,3,1,67,4,11262,30,18,30,4,11262000,2
superman66,wakatime-sync,project management,52,9.0,3,1,107,3,115,4,933,30,5,16,3,933000,2
swinton,screenshot-website,code quality,103,5.0,15,2,26,4,191,3,2388,30,17,30,7,2388000,1
synopsys-sig,detect-action,security,57,8.0,13,2,32,9,28,6,5956,30,43,30,14,5956000,2
sysdiglabs,scan-action,security,36,7.0,8,11,10,12,30,8,1069,30,7,30,4,1069000,2
szenius,notion-burndown,project management,59,9.0,1,7,24,4,64,2,4527,30,0,30,0,4527000,2
teatimeguest,setup-texlive-action,utilities,125,3.0,4,30,2,4,44,3,10384,30,11,30,2,10384000,1
technote-space,create-pr-action,utilities,731,25.0,8,30,6,2,30,2,21063,30,5,30,4,21063000,2
test-room-7,action-update-file,utilities,53,3.0,2,17,10,3,40,6,581,24,4,12,1,581000,1
test-summary,action,testing,25,0.0,2,6,34,2,408,8,250,30,20,18,2,250000,0
the-actions-org,workflow-dispatch,utilities,161,4.0,6,5,51,3,69,11,437,24,1,24,1,437000,1
thomaseizinger,keep-a-changelog-new-release,publishing,952,27.0,6,8,38,4,57,6,369,29,2,10,0,369000,2
tibdex,backport,utilities,477,5.0,9,8,66,4,74,9,2167,30,11,30,4,2167000,1
tinovyatkin,action-php-codesniffer,code review,45,4.0,15,1,26,3,23,3,844,30,25,30,9,844000,1
tj-actions,glob,continuous integration,543,1.0,8,30,21,2,17,10,9286,30,9,30,3,9286000,0
tmcw,notfoundbot,monitoring,642,39.0,5,9,7,4,114,6,3038,30,9,30,1,3038000,2
toshimaru,auto-author-assign,project management,27,1.0,4,30,21,4,105,6,1464,30,7,30,2,1464000,0
tubone24,update_release,deployment,66,7.0,20,4,6,3,16,7,1500,30,23,30,10,1500000,2
turtlequeue,setup-babashka,container ci,569,10.0,3,9,4,3,28,3,225,24,3,16,0,225000,2
umani,changed-files,utilities,160,5.0,6,13,16,3,28,8,2003,30,2,23,1,2003000,1
usimd,pi-gen-action,publishing,52,3.0,6,8,11,3,49,4,1309,30,8,30,3,1309000,1
varunsridharan,action-github-workflow-sync,utilities,53,3.0,5,8,15,3,65,7,1082,30,10,13,1,1082000,1
vimtor,action-zip,utilities,243,26.0,1,3,33,3,89,11,50,30,10,15,0,50000,2
vio,bundle-stats-action,utilities,90,5.0,22,8,1,3,19,3,9559,30,25,30,12,9559000,1
vlaurin,action-ghcr-prune,utilities,30,1.0,8,6,9,3,47,3,652,30,9,30,7,652000,0
vn7n24fzkq,github-profile-summary-cards,utilities,143,10.0,4,30,334,16,2778,30,22122,30,29,30,2,22122000,2
volta-cli,action,utilities,4,7.0,8,30,24,3,97,13,26719,30,13,30,6,26719000,2
wangyucode,sftp-upload-action,deployment,10,0.0,1,14,23,3,59,5,1715,30,1,14,0,1715000,0
wdzeng,edge-addon,publishing,447,4.0,5,13,2,2,16,5,823,16,1,6,0,823000,1
we-cli,coverage-badge-action,testing,3,0.0,3,1,11,1,49,3,11,4,0,3,0,11000,0
wechuli,allcheckspassed,security,36,2.0,3,4,4,0,23,5,1378,30,4,30,2,1378000,0
wenkokke,setup-agda,utilities,195,9.0,11,9,3,3,26,4,16888,30,16,30,0,16888000,2
wktk,github-project-connect-action,utilities,160,8.0,9,7,2,3,14,5,1852,30,8,30,7,1852000,2
workflow,nix-shell-action,dependency management,12,1.0,7,13,10,5,43,4,1273,30,5,30,4,1273000,0
worksome,jira-branch-name-validator-action,code quality,3,2.0,2,30,1,18,13,4,104,14,1,12,0,104000,0
xavierlowmiller,xcodegen-action,mobile ci,9,0.0,2,11,6,1,13,8,1341,18,1,14,0,1341000,0
xeol-io,bumpgen,utilities,1006,12.0,19,2,5,3,110,3,283,30,9,30,3,283000,2
xmake-io,github-action-setup-xmake,utilities,445,6.0,3,7,6,4,30,6,2762,30,1,23,0,2762000,1
xt0rted,dotnet-format,code quality,186,4.0,14,4,26,4,32,4,1062,30,17,30,4,1062000,1
xt0rted,slash-command-action,chat,35,0.0,10,4,8,3,67,5,3794,30,15,30,3,3794000,0
yanamura,git-flow-merge-action,utilities,352,6.0,9,5,1,2,15,3,1347,30,7,30,5,1347000,1
yc-actions,yc-sls-container-deploy,deployment,104,2.0,7,7,9,2,30,7,27526,30,1,30,0,27526000,0
yogeshpaliyal,upload-indus-appstore,deployment,34,3.0,7,6,0,1,19,1,11410,30,10,30,6,11410000,1
yuichielectric,dive-action,container ci,42,2.0,16,4,14,2,11,3,2641,30,14,30,2,2641000,0
yuzutech,annotations-action,code review,28,3.0,2,18,16,3,37,7,180,30,11,30,1,180000,1
zentered,vercel-preview-url,utilities,26,2.0,1,21,11,2,32,7,2700,30,0,30,0,2700000,0
