repo_owner,repo_name,Category,Number of Components,Low,Medium,High,Critical,Total Vulnerabilities,CWE Tags,vulnerability-proneness-all,commits,branches,releases,forks,watchers,stargazers,contributors,size,totalIssues,openIssues,totalPullRequests,openPullRequests,codeLines,labels,topics
10up,action-repo-automator,code review,50,0,0,2,0,2,cwe-020,2.0,30,3,7,4,43,18,5,3775,30,3,30,0,3775000,23," github-actions,  pull-request, automation"
1password,load-secrets-action,security,21,2,2,0,1,5," cwe-078,  cwe-088,  cwe-200,  cwe-284,  cwe-506, cwe-020",5.0,30,6,11,29,14,208,10,452,30,19,30,3,452000,12," 1password-connect,  github-actions,  secrets-management,  service-accounts, 1password"
42crunch,api-security-audit-action,testing,94,0,1,0,0,1,cwe-1333,1.0,30,3,3,14,4,33,4,3253,24,0,19,0,3253000,9,nan
8398a7,action-slack,chat,59,0,1,1,0,2," cwe-918, cwe-200",2.0,30,6,30,134,5,595,25,6527,30,31,30,1,6527000,11," slack,  typescript, github-actions"
alexsim93,pull-request-analytics-action,monitoring,79,3,1,1,0,5," cwe-200,  cwe-284, cwe-020",5.0,30,5,30,11,3,118,4,1324,30,1,30,0,1324000,10," code-review,  github-actions,  management,  measurements,  pull-request-tracker,  statistics, analytics"
anmol-baranwal,devtogithub,utilities,2,0,1,0,0,1,cwe-020,1.0,30,2,3,0,2,16,2,731,3,0,2,0,731000,16," dev-api,  devto,  github-action,  github-config,  save,  workflow, actions-workflow"
apple-actions,download-provisioning-profiles,mobile,48,1,4,4,0,9," cwe-20,  cwe-287,  cwe-327,  cwe-400,  cwe-74,  n/a, cwe-1333",9.0,18,3,3,38,12,75,3,1144,17,8,9,2,1144000,9," apple,  github-actions, actions"
artiomtr,jest-coverage-report-action,monitoring,348,1,4,14,2,21," cwe-080,  cwe-116,  cwe-1321,  cwe-1333,  cwe-184,  cwe-285,  cwe-367,  cwe-400,  cwe-506,  cwe-674,  cwe-74,  cwe-835,  n/a, cwe-020",21.0,30,16,30,145,4,508,30,15362,30,42,30,4,15362000,13," actions,  annotations,  coverage-reporters,  github-action,  github-actions,  github-actions-ci,  jest,  threshold, action"
azure,cli,deployment,26,0,0,1,0,1," cwe-378, cwe-377",1.0,30,30,14,54,20,134,21,3931,30,11,30,1,3931000,21,nan
azure,k8s-deploy,deployment,214,0,0,6,0,6," cwe-377,  cwe-378, cwe-020",6.0,30,30,27,105,21,263,30,31595,30,28,30,4,31595000,23," actions,  azure,  deploy,  github-action,  github-actions,  k8s,  kubernetes, action"
azure,k8s-lint,code review,17,0,0,0,0,0,nan,0.0,30,19,3,13,16,35,16,19875,30,3,30,2,19875000,19," actions,  azure,  github-action,  github-actions,  k8s,  kubernetes,  lint, action"
azure,k8s-set-context,deployment,132,0,2,1,1,4," cwe-1333,  cwe-918,  cwe-94, cwe-1321",4.0,30,21,8,35,21,90,21,35689,30,5,30,2,35689000,20," actions,  azure,  github-action,  github-actions,  k8s,  kubeconfig,  kubernetes, action"
azure,mysql,deployment,44,0,1,3,2,6," cwe-400,  cwe-522,  cwe-730,  cwe-74,  cwe-94, cwe-1333",6.0,30,28,2,11,12,11,15,36618,30,16,30,16,36618000,17,nan
azure,pipelines,deployment,8,0,0,1,0,1," cwe-080,  cwe-116, cwe-020",1.0,30,26,1,88,12,81,12,3500,30,46,30,19,3500000,18,nan
balastrong,chess-stats-action,utilities,9,0,2,1,0,3," cwe-434,  cwe-74,  cwe-912, cwe-020",3.0,30,2,5,4,2,22,6,758,20,3,11,0,758000,11," github-actions,  hacktoberfest,  readme, chess"
betahuhn,deploy-to-vercel-action,deployment,161,0,2,7,1,10," cwe-1321,  cwe-1333,  cwe-173,  cwe-400,  cwe-697,  n/a, cwe-020",10.0,30,7,30,73,4,151,15,1151,30,15,30,6,1151000,16," github-actions-ci,  github-deployment,  pr-preview,  vercel,  vercel-cli,  workflow, github-actions"
bhacaz,docs-as-code-confluence,utilities,49,0,1,2,0,3," cwe-080,  cwe-116,  cwe-1333, cwe-020",3.0,30,1,9,20,1,39,4,5316,19,3,12,0,5316000,9," confluence,  docs-as-code, actions"
chocobo1,setup-ccache-action,utilities,83,0,2,11,0,13," cwe-078,  cwe-080,  cwe-088,  cwe-116,  cwe-400,  cwe-730, cwe-020",13.0,30,1,30,4,2,13,2,13895,20,1,9,0,13895000,10," ccache,  cpp,  github-actions, caching"
circleci-public,trigger-circleci-pipeline-action,deployment,36,0,3,1,0,4," cwe-20,  cwe-200,  cwe-352, cwe-020",4.0,30,13,10,43,13,49,15,447,30,21,30,5,447000,10," ci-cd,  continuous-delivery,  github-action,  github-actions, actions"
cyberbeni,install-swift-tool,utilities,432,1,0,3,0,4," cwe-400,  cwe-730,  cwe-770, cwe-1333",4.0,30,7,30,2,2,19,15,25860,30,3,30,1,25860000,11," swift,  workflow, github-actions"
cyclonedx,gh-node-module-generatebom,security,9,0,1,0,0,1," cwe-088, cwe-078",1.0,30,2,4,6,6,21,5,127,22,3,17,1,127000,11," bom,  cyclonedx,  gh-action,  github-action,  node,  nodejs,  owasp,  sbom,  sbom-generator,  software-bill-of-materials, bill-of-materials"
datadog,synthetics-ci-github-action,testing,856,0,4,7,0,11," cwe-080,  cwe-116,  cwe-1333,  cwe-400,  cwe-789, cwe-020",11.0,30,4,30,15,8,45,17,34547,30,1,30,0,34547000,14," continuous-integration,  continuous-testing,  datadog,  github-actions, ci"
davideviolante,pr-reviews-reminder-action,code review,20,0,0,0,0,0,nan,0.0,30,1,30,20,4,45,6,1232,30,4,30,0,1232000,11," github-actions,  microsoft-teams,  notification,  pr,  pull-requests,  reviews,  slack,  teams,  webhook, github-action"
delaguardo,setup-clojure,utilities,65,0,2,5,25,32," cwe-078,  cwe-088,  cwe-259,  cwe-321,  cwe-338,  cwe-400,  cwe-730,  cwe-798, cwe-020",32.0,30,5,30,30,9,194,14,9436,30,13,30,4,9436000,10," clojure,  clojure-cli,  github-action,  leiningen, boot-clj"
dependencytrack,gh-upload-sbom,security,4,0,1,0,0,1,cwe-200,1.0,30,3,6,26,5,48,13,127,30,6,27,2,127000,29,nan
devcyclehq,feature-flag-code-usage-action,code review,419,0,0,2,1,3," cwe-1333,  cwe-259,  cwe-321,  cwe-798, cwe-020",3.0,30,7,16,4,6,19,11,1306,30,2,30,2,1306000,15," continuous-deployment,  devcycle,  devops,  feature-flags,  feature-toggles,  openfeature, continuous-delivery"
devcyclehq,feature-flag-pr-insights-action,code review,403,0,0,2,0,2," cwe-1333, cwe-020",2.0,30,10,20,3,6,19,10,1668,30,5,30,4,1668000,17," continuous-deployment,  devcycle,  devops,  feature-flags,  feature-toggles,  openfeature, continuous-delivery"
dopplerhq,cli-action,security,15,3,0,0,0,3," cwe-284, cwe-200",3.0,29,3,3,9,4,52,3,1589,12,2,12,2,1589000,10," environment-variables,  secret-management,  secrets,  secrets-manager,  security, doppler-cli"
expediagroup,github-helpers,utilities,70,0,4,7,0,11," cwe-080,  cwe-116, cwe-020",11.0,30,2,30,29,3,35,22,11017,30,3,30,2,11017000,23," github-actions,  oss-portal-listed,  workflows, ci"
expediagroup,spinnaker-pipeline-trigger,project management,755,0,2,6,3,11," cwe-1333,  cwe-184,  cwe-400,  cwe-476,  cwe-94, cwe-020",11.0,30,13,9,8,3,15,7,3285,30,11,30,7,3285000,15," oss-portal-listed,  spinnaker, actions"
grantbirki,git-diff-action,utilities,47,0,1,1,0,2," cwe-078,  cwe-088, cwe-020",2.0,30,1,20,3,2,16,4,2018,30,1,30,0,2018000,10," automation,  git-diff,  json, actions"
greentf,upload-thunderstore-package,publishing,6,0,0,0,0,0,nan,0.0,30,5,16,4,2,15,3,174,30,0,16,0,174000,9," thunderstore, northstar"
hardnorth,github-version-generate,publishing,37,0,1,2,0,3," cwe-080,  cwe-116, cwe-020",3.0,30,2,9,3,2,24,2,1391,30,0,30,0,1391000,10," bump,  bump-version,  bumping,  bumpversion,  generate,  github,  prerelease,  release,  release-automation,  release-pipelines,  version,  versioning, actions"
hatsunemiku3939,direnv-action,testing,71,0,1,5,0,6," cwe-338,  cwe-400,  cwe-730, cwe-020",6.0,30,4,8,12,3,27,3,5226,30,8,30,3,5226000,11,nan
jamesives,fetch-api-data-action,utilities,473,1,0,1,0,2," cwe-770, cwe-1333",2.0,30,7,27,13,2,115,7,35535,30,3,30,2,35535000,23," actions,  api,  cicd,  continuous-delivery,  fetch,  github-action,  github-actions,  github-actions-typescript,  hacktoberfest,  workflow,  workflow-configuration, action"
jamesives,github-pages-deploy-action,deployment,509,1,0,1,0,2," cwe-770, cwe-1333",2.0,30,14,30,367,18,4352,30,85019,30,9,30,3,85019000,30," actions,  cicd,  continuous-delivery,  continuous-deployment,  continuous-integration,  deploy,  deployer,  deployment,  gh-pages,  ghpages,  github-action,  github-actions,  github-enterprise,  github-pages,  hacktoberfest,  static,  workflow,  workflow-configuration,  workflow-runs, action"
jarvusinnovations,background-action,utilities,34,0,1,2,0,3," cwe-088,  cwe-312,  cwe-359,  cwe-532,  cwe-918, cwe-078",3.0,30,4,5,10,5,33,7,2378,30,6,30,2,2378000,12," bg,  command,  fg,  logging,  process,  wait-on, background"
jasonetco,build-and-tag-action,publishing,80,0,1,4,1,6," cwe-1333,  cwe-173,  cwe-74, cwe-1321",6.0,30,1,16,36,4,96,7,539,30,16,30,7,539000,10,nan
jasonetco,create-an-issue,project management,112,0,2,3,0,5," cwe-080,  cwe-116,  cwe-1333,  cwe-79, cwe-020",5.0,30,4,22,87,10,274,11,1221,30,21,30,5,1221000,10,nan
jetbrains,qodana-action,security,320,0,4,4,0,8," cwe-080,  cwe-116,  cwe-117,  cwe-1333,  cwe-367,  cwe-377,  cwe-378,  cwe-434,  cwe-912, cwe-020",8.0,30,24,30,40,15,270,15,20491,30,4,30,3,20491000,12," azure-extensions,  azure-pipelines,  code-quality,  code-review,  code-scanning,  devsecops,  dotnet,  github-actions,  go,  java,  javascript,  kotlin,  php,  python,  qodana,  sarif,  static-analysis,  static-code-analysis,  typescript, actions"
jorelali,setup-elm,continuous integration,7,0,0,0,0,0,nan,0.0,30,2,6,6,3,29,7,108,12,1,8,0,108000,10,nan
jtalk,url-health-check-action,testing,35,0,0,0,0,0,nan,0.0,30,1,13,18,3,75,5,252,29,1,17,0,252000,10,nan
julienkode,team-labeler-action,code review,589,1,0,2,0,3," cwe-1333,  cwe-400, cwe-020",3.0,30,15,6,43,2,49,10,55643,30,9,30,7,55643000,11," github,  github-actions,  javascript,  labeler-action,  pull-request,  teams,  typescript,  workflow, actions"
kylemayes,install-llvm-action,dependency management,284,0,2,1,0,3," cwe-200,  cwe-367, cwe-1333",3.0,30,2,29,52,6,110,11,1473,30,3,30,2,1473000,10,nan
legion2,swagger-ui-action,utilities,41,0,0,2,0,2,cwe-020,2.0,30,8,13,8,2,53,4,2942,30,11,30,7,2942000,10," documentation-tool,  github-page,  openapi,  swagger-ui,  workflow, actions"
louisbrunner,checks-action,api management,40,0,2,1,0,3," cwe-117, cwe-020",3.0,30,2,14,57,5,207,7,2013,30,4,30,0,2013000,12," checks,  checks-api,  github,  hacktoberfest, actions"
luisalejandro,movie-box,utilities,200,0,1,3,0,4," cwe-1333,  cwe-79,  cwe-918, cwe-020",4.0,30,7,4,8,2,23,4,868,30,3,30,3,868000,13," movie-box,  trakt,  trakt-api,  trakt-tv,  watched-movies, gist"
markusjx,install-boost,continuous integration,120,2,4,6,0,12," cwe-080,  cwe-116,  cwe-1321,  cwe-200,  cwe-284,  cwe-400,  cwe-730,  cwe-918, cwe-020",12.0,30,4,15,4,2,68,4,3507,30,2,24,2,3507000,10," boost,  cplusplus,  cpp,  github-actions,  macos,  ubuntu,  windows, actions"
mastersam07,firebase-app-distribution-action,publishing,64,2,2,1,2,7," cwe-200,  cwe-259,  cwe-284,  cwe-321,  cwe-798,  cwe-918, cwe-020",7.0,11,5,3,4,2,18,3,881,20,5,18,4,881000,12," cicd,  firebase-app-distribution,  hacktoberfest, ci"
meilcli,npm-update-check-action,utilities,30,0,0,0,0,0,nan,0.0,30,6,30,1,3,24,4,3939,30,3,30,3,3939000,10," github-actions,  npm,  npm-package, actions"
mishakav,pytest-coverage-comment,testing,41,0,1,1,0,2,cwe-020,2.0,30,6,30,60,2,192,15,714,30,11,30,6,714000,12," github-actions,  test,  testing, coverage"
morrisoncole,pr-lint-action,utilities,503,6,3,13,1,23," cwe-1321,  cwe-1333,  cwe-184,  cwe-200,  cwe-284,  cwe-400,  cwe-697,  cwe-730,  cwe-918, cwe-020",23.0,30,4,19,23,3,65,13,57435,30,14,30,0,57435000,9," github-actions,  linter,  review,  typescript,  workflow, bot"
mozilla-actions,sccache-action,dependency management,33,0,1,1,0,2," cwe-078,  cwe-088, cwe-020",2.0,30,6,7,24,2,129,14,1255,30,15,30,5,1255000,11,nan
octopusdeploy,install-octopus-cli-action,deployment,25,0,0,0,0,0,nan,0.0,30,6,16,18,17,82,17,11777,30,10,30,1,11777000,14," continuous-delivery,  deployment,  github-actions,  octopus-deploy,  public, cli"
reactivecircus,android-emulator-runner,testing,28,0,24,0,0,24," cwe-088, cwe-078",24.0,30,6,30,201,15,1014,30,1968,30,76,30,8,1968000,11," ci,  github-actions,  testing, android-emulators"
readme-workflows,recent-activity,utilities,129,0,3,4,0,7," cwe-1333,  cwe-20,  cwe-200,  cwe-352,  cwe-918, cwe-020",7.0,30,12,15,45,2,135,10,26228,30,10,30,9,26228000,26," github-action,  github-actions,  hacktoberfest,  node,  node-js,  nodejs,  profile-readme,  readme-workflows,  workflows, actions"
rebilly,lexi,code review,582,0,1,3,0,4," cwe-080,  cwe-116,  cwe-835, cwe-020",4.0,30,1,14,2,21,39,7,5829,30,1,30,0,5829000,17," actions,  comment,  comment-bot,  comment-system,  comments,  documentation,  github-actions,  markdown,  md,  pull-request,  pull-requests,  quality,  readability,  readability-level,  readability-metrics,  readability-scores,  readability-tests,  report,  reporter, action"
reedyuk,npm-version,publishing,8,0,1,0,0,1," cwe-088, cwe-078",1.0,30,1,7,5,3,19,5,60,9,1,5,0,60000,10,nan
reggionick,s3-deploy,deployment,10,0,0,0,0,0,nan,0.0,30,10,12,84,4,249,18,477,30,14,30,3,477000,12,nan
satak,webrequest-action,utilities,19,3,3,1,1,8," cwe-20,  cwe-200,  cwe-259,  cwe-284,  cwe-321,  cwe-798,  cwe-918, cwe-020",8.0,30,3,10,16,2,48,2,1120,30,2,30,2,1120000,10," github-actions,  webrequest, api-client"
scribemd,docker-cache,utilities,575,2,10,8,0,20," cwe-1333,  cwe-150,  cwe-200,  cwe-284,  cwe-400,  cwe-693,  cwe-730,  cwe-77,  cwe-79,  cwe-94, cwe-020",20.0,30,4,26,28,1,105,4,50542,30,14,30,6,50542000,17," cache,  conventional-commits,  docker,  editorconfig,  github-actions,  jest,  megalinter,  nodejs,  pre-commit,  prettier,  python,  python-poetry,  renovate,  semver,  ts-node,  typescript,  vscode,  yaml,  yarn, asdf"
sethcohen,github-releases-to-discord,deployment,35,0,0,2,0,2," cwe-080,  cwe-116, cwe-020",2.0,30,1,26,9,2,29,7,1232,30,1,30,0,1232000,11," changelog,  changelog-parser,  discord,  discord-webhook,  embed,  github,  github-action,  github-actions,  github-release,  release,  webhook, action"
simonscholz,google-chat-action,chat,38,0,0,1,0,1,cwe-020,1.0,30,7,2,5,2,19,2,981,30,7,30,6,981000,12,nan
spectralops,spectral-github-action,security,12,0,2,1,0,3," cwe-088,  cwe-1333,  cwe-74, cwe-078",3.0,28,3,5,9,3,14,8,199,15,1,10,1,199000,9,nan
svanboxel,zaproxy-to-ghas,testing,25,0,1,2,1,4," cwe-400,  cwe-506,  cwe-74, cwe-020",4.0,30,2,3,4,3,16,4,326,30,6,30,2,326000,10,nan
themrmilchmann,setup-msvc-dev,utilities,133,0,1,0,0,1," cwe-088, cwe-078",1.0,30,5,7,2,3,15,3,241025,30,1,30,1,241025000,14," msvc,  vcvarsall,  visual-cpp,  windows, github-actions"
timdaub,hetzner-cloud-deploy-server-action,deployment,5,0,2,1,0,3," cwe-359,  cwe-74, cwe-173",3.0,30,1,1,14,6,33,2,92,19,7,3,0,92000,9," cloud,  continous,  github,  hetzner,  integration, actions"
tinkurlab,issue-labeler-action,project management,26,0,0,0,0,0,nan,0.0,30,4,10,2,2,12,2,1008,30,4,30,2,1008000,9,nan
tinkurlab,monorepo-pr-labeler-action,code review,28,0,0,3,0,3," cwe-400,  cwe-730, cwe-020",3.0,30,4,15,14,4,99,8,618,30,7,30,3,618000,13,nan
tryghost,action-deploy-theme,deployment,420,0,1,0,0,1,cwe-020,1.0,30,2,14,47,14,363,15,1104,30,6,30,2,1104000,10," ghost-theme,  github-action,  github-actions, ghost"
tyrrrz,action-http-request,utilities,9,0,0,0,0,0,nan,0.0,27,1,1,5,2,15,2,33,9,0,9,0,33000,9,nan
wandalen,wretry.action,deployment,16,0,0,0,0,0,nan,0.0,30,2,30,24,4,107,8,9202,30,4,30,0,9202000,9,nan
yockow,action-setup-swift,utilities,39,0,0,0,0,0,nan,0.0,30,6,28,3,2,22,3,10133,30,0,30,0,10133000,10," swift, setup-swift"
zqzqsb,multisourcesnake,utilities,1154,9,6,10,0,25," cwe-1333,  cwe-200,  cwe-284,  cwe-400,  cwe-405,  cwe-730,  cwe-74,  cwe-79,  cwe-940,  n/a, cwe-020",25.0,21,1,11,0,1,25,1,2657,0,0,0,0,2657000,9,nan
agallea,tests-coverage-report,code review,40,0,1,1,1,3," cwe-078,  cwe-088, cwe-020",3.0,30,21,10,0,1,24,3,1340,30,7,30,4,1340000,12,nan
abel0b,setup-premake,continuous integration,10,0,1,1,0,2," cwe-74, cwe-1333",2.0,28,2,6,6,3,17,6,203,11,0,7,0,203000,9,nan
abeyuya,actions-mention-to-slack,chat,45,0,3,0,0,3," cwe-200,  cwe-352, cwe-20",3.0,30,12,6,21,2,58,4,9103,30,11,30,10,9103000,10," github-actions,  mention,  slack, bot"
abronin,ecr-retag-action,utilities,594,2,3,5,0,10," cwe-1333,  cwe-200,  cwe-284,  cwe-400,  cwe-476, cwe-020",10.0,25,1,8,8,2,28,1,2206,10,2,6,1,2206000,9," aws-ecr-tools,  docker,  ecr,  github-actions,  github-actions-docker, aws-ecr"
antongolub,action-setup-bun,continuous integration,176,4,6,6,0,16," cwe-080,  cwe-116,  cwe-1321,  cwe-1333,  cwe-200,  cwe-284,  cwe-400,  cwe-730, cwe-020",16.0,30,3,30,0,3,50,2,2331,30,2,30,2,2331000,10," bun,  github,  github-actions, actions"
apexskier,github-release-commenter,utilities,614,0,10,15,3,28," cwe-1333,  cwe-173,  cwe-184,  cwe-20,  cwe-345,  cwe-400,  cwe-476,  cwe-697,  cwe-74,  cwe-915,  cwe-918, cwe-1321",28.0,30,5,30,4,3,24,3,2003,30,7,30,2,2003000,15,nan
aquiladev,ipfs-action,deployment,396,0,7,6,1,14," cwe-1321,  cwe-1333,  cwe-20,  cwe-200,  cwe-352,  cwe-835,  cwe-940, cwe-020",14.0,30,8,29,46,3,179,4,31794,30,9,30,6,31794000,11," deploy,  github,  infura,  ipfs,  pinata,  upload, action"
ardalanamini,auto-changelog,utilities,602,0,1,4,0,5," cwe-1333, cwe-020",5.0,30,6,28,15,2,26,4,7842,30,8,30,5,7842000,13," authors,  changelog,  compare,  contributors,  github,  github-actions,  prerelease,  release,  semver,  utilities, actions"
arduino,arduino-lint-action,testing,92,0,0,1,0,1,cwe-1333,1.0,30,5,4,9,10,47,9,4220,30,6,30,2,4220000,30," ci,  continuous-integration,  github-actions,  linter, arduino"
arduino,setup-arduino-cli,utilities,22,0,0,0,0,0,nan,0.0,30,4,5,10,15,76,9,1073,30,2,30,1,1073000,30," github-actions,  tooling-team, arduino"
ashutoshvarma,action-cmake-build,testing,5,0,1,0,0,1,cwe-74,1.0,30,27,1,10,2,24,3,871,30,31,30,14,871000,11,action
ashutoshvarma,setup-ninja,utilities,62,0,6,6,1,13," cwe-080,  cwe-116,  cwe-1321,  cwe-22,  cwe-74,  cwe-915,  cwe-918, cwe-020",13.0,30,8,2,7,1,15,3,1846,24,12,20,9,1846000,10,nan
aslafy-z,conventional-pr-title-action,code review,126,0,1,0,0,1," cwe-088, cwe-078",1.0,30,9,30,35,3,85,7,16446,30,0,30,0,16446000,14," conventional-commits,  github-actions,  hacktoberfest,  pr-title,  pull-requests, conventional-changelog"
astral-sh,setup-uv,utilities,107,0,2,10,0,12," cwe-338,  cwe-400,  cwe-730, cwe-020",12.0,30,10,30,25,4,286,14,6462,30,13,30,1,6462000,19,nan
atalent-labs,404-links,code quality,51,0,0,0,0,0,nan,0.0,30,3,11,2,2,18,3,11655,30,2,30,2,11655000,10," automation,  awesome,  github-actions,  markdown,  qa,  quality,  spellcheck, actions"
atlassian,gajira-create,project management,612,0,2,11,1,14," cwe-1321,  cwe-1333,  cwe-184,  cwe-248,  cwe-400, cwe-020",14.0,30,7,6,33,34,60,7,889,30,16,30,3,889000,9,nan
auguwu,clippy-action,utilities,5,0,1,1,0,2,cwe-020,2.0,30,1,9,3,1,18,4,4479,30,1,30,0,4479000,11," clippy,  github-action,  typescript, cargo-clippy"
autero1,action-terragrunt,deployment,39,0,0,1,0,1,cwe-020,1.0,30,9,13,25,4,59,11,1404,30,6,30,3,1404000,16," github-actions,  terraform,  terragrunt, actions"
aws-actions,amazon-ecr-login,deployment,102,0,0,0,0,0,nan,0.0,30,6,30,180,23,957,26,32618,30,32,30,2,32618000,11,nan
aws-actions,amazon-ecs-render-task-definition,deployment,96,0,0,1,0,1," cwe-080,  cwe-116, cwe-020",1.0,30,10,30,148,11,292,25,3468,30,30,30,3,3468000,14,nan
aws-actions,aws-secretsmanager-get-secrets,security,106,0,0,7,0,7," cwe-080,  cwe-116,  cwe-400,  cwe-730, cwe-020",7.0,30,11,17,38,6,151,8,2739,30,16,30,8,2739000,12,nan
balena-io,deploy-to-balena-action,container ci,196,0,0,2,0,2," cwe-080,  cwe-116, cwe-020",2.0,30,30,30,14,15,39,20,2922,30,31,30,4,2922000,19,nan
batista,lint-filenames,utilities,36,0,1,3,0,4," cwe-400,  cwe-730,  cwe-74, cwe-020",4.0,30,12,3,6,2,31,3,1426,30,14,30,6,1426000,11," filenames,  folder-tooling,  github-actions,  lint,  pattern-matching,  quality-assurance,  tooling, actions"
bazelbuild,setup-bazelisk,testing,76,2,2,5,0,9," cwe-200,  cwe-284,  cwe-338,  cwe-400,  cwe-730, cwe-020",9.0,30,1,4,9,5,56,7,1902,30,0,30,0,1902000,12,nan
benc-uk,workflow-dispatch,deployment,5,0,1,1,0,2," cwe-1333,  cwe-400, cwe-020",2.0,30,4,4,128,6,339,5,486,30,12,30,3,486000,10," github,  github-actions, devops"
benchmark-action,github-action-benchmark,code quality,104,0,3,1,1,5," cwe-078,  cwe-088,  cwe-1333,  cwe-400,  cwe-506, cwe-020",5.0,30,6,30,166,7,1064,30,5648,30,111,30,12,5648000,13," ci,  github-action, benchmark"
biomejs,setup-biome,utilities,45,1,2,24,0,27," cwe-200,  cwe-22,  cwe-311,  cwe-367,  cwe-426,  cwe-532,  cwe-59,  cwe-732,  cwe-78, cwe-020",27.0,30,1,10,8,7,63,11,1288,30,1,30,0,1288000,12," biomejs,  formatter,  github-actions,  linter, biome"
blombard,move-to-next-iteration,utilities,25,0,0,2,0,2," cwe-080,  cwe-116, cwe-020",2.0,30,1,6,16,1,38,5,141,25,6,11,0,141000,13,nan
bobheadxi,deployments,deployment,36,0,0,2,0,2,cwe-020,2.0,30,9,24,63,7,387,25,32070,30,12,30,6,32070000,13," github-actions,  github-api,  status, deployments"
borchero,terraform-plan-comment,deployment,596,0,1,5,0,6," cwe-1333,  cwe-327,  cwe-328,  cwe-367,  cwe-79, cwe-020",6.0,16,2,7,13,4,91,4,559,30,14,24,3,559000,15," terraform, github-actions"
brown-ccv,alex-recommends,code review,363,0,3,12,1,16," cwe-1321,  cwe-1333,  cwe-173,  cwe-400,  cwe-697,  cwe-74,  n/a, cwe-020",16.0,23,12,6,3,4,28,6,1178,26,14,21,11,1178000,10,nan
chf007,action-wechat-work,chat,10,0,3,0,0,3," cwe-200,  cwe-352, cwe-20",3.0,30,3,9,16,2,36,3,863,17,3,10,2,863000,10," actions,  chat,  github,  wechat,  wechat-work, action"
chrisdickinson,setup-yq,utilities,8,0,1,1,0,2," cwe-74, cwe-1333",2.0,21,1,1,21,4,28,4,44,14,3,7,1,44000,9,nan
cloudflare,pages-action,deployment,44,4,5,3,0,12," cwe-1333,  cwe-200,  cwe-284,  cwe-367,  cwe-74, cwe-020",12.0,30,2,8,99,14,472,17,263,30,17,30,0,263000,10,nan
codfish,semantic-release-action,deployment,532,1,2,4,0,7," cwe-400,  cwe-918, cwe-1333",7.0,30,5,29,20,3,114,9,682,30,3,30,0,682000,12," ci-cd,  github-actions,  semantic-release,  semantic-versioning, actions"
corymhall,cdk-diff-action,continuous integration,845,0,71,3,0,74," cwe-080,  cwe-116, cwe-020",74.0,30,4,30,10,1,47,5,99746,30,8,30,1,99746000,10,nan
crazy-max,ghaction-import-gpg,security,574,0,0,12,0,12," cwe-080,  cwe-116,  cwe-1333,  cwe-918, cwe-020",12.0,30,10,30,79,6,330,9,8345,30,12,30,5,8345000,17," git,  github-actions,  gnupg,  gnupg2,  openpgp,  signing, actions"
crazy-max,ghaction-setup-containerd,utilities,590,0,0,5,0,5," cwe-1333,  cwe-918, cwe-020",5.0,30,8,11,1,3,18,3,5091,30,7,30,5,5091000,19," containerd,  github-actions, actions"
crazy-max,ghaction-upx,deployment,577,0,1,3,0,4," cwe-078,  cwe-088,  cwe-1333,  cwe-918, cwe-020",4.0,30,6,16,3,3,56,5,11377,30,4,30,4,11377000,17," github-actions,  upx, actions"
crazyurus,miniprogram-action,deployment,934,0,8,12,2,22," cwe-1333,  cwe-184,  cwe-200,  cwe-312,  cwe-359,  cwe-400,  cwe-532,  cwe-74,  cwe-835,  cwe-918,  n/a, cwe-1321",22.0,13,1,2,9,1,14,1,160,6,3,1,0,160000,9," miniprogram, github-actions"
dailydotdev,action-devcard,utilities,190,0,0,2,0,2," cwe-1333, cwe-020",2.0,30,4,14,15,4,98,9,12119,30,5,30,3,12119000,21," hacktoberfest, github-action"
danielpalme,reportgenerator-github-action,testing,9,0,0,0,0,0,nan,0.0,30,1,30,7,2,74,3,472,21,0,6,0,472000,10,nan
darenm,setup-vstest,testing,33,0,0,2,0,2," cwe-1333, cwe-020",2.0,30,8,5,8,2,24,4,3776,29,4,23,4,3776000,10," deprecated,  obsolete, archived"
dataaxiom,ghcr-cleanup-action,container ci,67,0,0,10,0,10," cwe-400,  cwe-730, cwe-020",10.0,30,7,16,5,1,32,6,10594,30,7,30,6,10594000,12,nan
davelosert,vitest-coverage-report-action,testing,38,0,0,3,0,3," cwe-327,  cwe-328,  cwe-367, cwe-020",3.0,30,6,20,22,3,172,13,7034,30,10,30,1,7034000,12,nan
davidb,rust-cargo-make,deployment,32,0,0,2,0,2,cwe-020,2.0,30,4,14,6,3,32,4,2338,30,0,30,0,2338000,12," github-actions,  rust,  rust-lang, cargo-subcommand"
dawidd6,action-ansible-playbook,deployment,11,0,1,1,0,2," cwe-088,  cwe-256,  cwe-260,  cwe-313,  cwe-522, cwe-078",2.0,30,1,18,69,5,319,10,1004,30,9,30,0,1004000,12," ansible,  ansible-playbook,  github,  github-actions,  playbook,  run,  ssh, action"
de-vri-es,setup-git-credentials,security,11,0,0,0,0,0,nan,0.0,30,1,11,21,4,90,7,9641,30,2,13,0,9641000,11," credentials,  dependencies,  git,  hacktoberfest,  private, actions"
descope,assume-aws-role-from-gcp-action,security,669,0,1,4,1,6," cwe-1333,  cwe-184,  cwe-400, cwe-020",6.0,30,10,3,0,2,13,5,17378,30,10,30,9,17378000,12,nan
dessant,lock-threads,project management,35,3,1,1,0,5," cwe-200,  cwe-284, cwe-020",5.0,30,1,12,36,10,316,3,1878,30,6,14,3,1878000,8," issues,  lock,  pull-requests, github-actions"
devops-actions,json-to-file,utilities,51,0,0,2,1,3," cwe-367,  cwe-506, cwe-020",3.0,30,2,5,13,1,12,6,1347,30,1,30,1,1347000,12,nan
dhall-lang,setup-dhall,dependency management,8,0,0,6,0,6,cwe-020,6.0,30,1,5,7,4,15,5,56,11,3,6,0,56000,10,nan
di-sukharev,opencommit,utilities,234,0,5,9,0,14," cwe-080,  cwe-116,  cwe-1333,  cwe-327,  cwe-328,  cwe-367,  cwe-400,  cwe-730,  cwe-79,  cwe-835, cwe-020",14.0,30,19,3,344,26,6351,30,10079,30,155,30,5,10079000,11," ai-commit,  ai-commits,  artificial-intelligence,  chatgpt,  git,  gpt,  productivity, ai"
dineshsonachalam,markdown-autodocs,deployment,6,0,0,0,0,0,nan,0.0,30,17,8,17,2,186,3,8955,30,2,19,0,8955000,9,nan
dkershner6,aws-ssm-getparameters-action,deployment,743,3,2,3,0,8," cwe-1333,  cwe-200,  cwe-284,  cwe-400, cwe-020",8.0,30,8,6,16,3,25,5,2214,30,6,30,4,2214000,10,nan
dkershner6,jest-coverage-commenter-action,code review,665,3,3,4,0,10," cwe-078,  cwe-088,  cwe-1333,  cwe-200,  cwe-284,  cwe-400, cwe-020",10.0,30,30,6,5,3,14,2,1029,30,29,30,19,1029000,11," hacktoberfest,  nodejs, github-actions"
dlemstra,code-sign-action,security,9,0,2,0,0,2," cwe-088, cwe-078",2.0,30,1,1,67,2,32,9,243,22,0,15,0,243000,11,hacktoberfest
docker,setup-buildx-action,container ci,709,0,2,2,0,4," cwe-1321,  cwe-1333, cwe-020",4.0,30,3,30,171,17,1041,11,27403,30,13,30,0,27403000,19," buildx,  docker,  github-actions,  github-actions-docker, buildkit"
docker-practice,actions-setup-docker,container ci,4,0,1,0,0,1," cwe-088, cwe-078",1.0,30,3,15,36,3,95,3,737,30,15,9,2,737000,9,actions
dorny,test-reporter,testing,134,3,3,8,0,14," cwe-080,  cwe-116,  cwe-1333,  cwe-200,  cwe-284,  cwe-400,  cwe-730, cwe-020",14.0,30,14,15,218,15,875,30,13597,30,123,30,8,13597000,15," github-actions,  reporting,  testing, ci-cd"
dotnet,nbgv,project management,312,0,1,2,0,3," cwe-400, cwe-1333",3.0,30,7,7,8,6,53,6,19222,30,5,30,5,19222000,10,nan
dromara,issues-translate-action,localization,149,1,4,12,3,20," cwe-1321,  cwe-1333,  cwe-173,  cwe-184,  cwe-400,  cwe-74,  cwe-755,  cwe-77,  n/a, cwe-020",20.0,30,12,11,28,7,196,4,978,30,11,30,6,978000,10," issues,  translation,  translator, action"
dynatrace-oss,dynatrace-github-action,utilities,23,0,0,1,0,1,cwe-020,1.0,30,18,9,7,5,32,6,902,30,22,30,7,902000,10,nan
editorconfig-checker,action-editorconfig-checker,utilities,32,3,1,2,0,6," cwe-1333,  cwe-200,  cwe-284, cwe-020",6.0,30,1,6,5,9,22,7,606,30,0,30,0,606000,10,nan
einaregilsson,beanstalk-deploy,deployment,0,0,2,0,6,8," cwe-259,  cwe-321,  cwe-798, cwe-200",8.0,30,6,20,138,4,629,12,74,30,40,30,4,74000,9,nan
endorlabs,github-action,security,650,0,1,6,0,7,cwe-020,7.0,30,15,11,2,15,45,16,8474,30,1,30,1,8474000,10,nan
eregon,publish-release,deployment,54,0,0,2,0,2," cwe-1333, cwe-020",2.0,23,3,8,9,3,38,5,287,15,1,11,1,287000,11,nan
errata-ai,vale-action,testing,97,0,0,2,0,2,cwe-1333,2.0,30,4,16,52,8,204,20,46066,30,18,30,1,46066000,10," vale, github-actions"
exercism,pr-commenter-action,code review,35,0,0,1,0,1,cwe-020,1.0,30,3,8,16,4,39,9,289,30,5,30,2,289000,30,community-contributions-accepted
expo,expo-github-action,deployment,14,0,13,24,0,37," cwe-078,  cwe-088,  cwe-338,  cwe-400,  cwe-730, cwe-020",37.0,30,30,30,80,7,833,30,30076,30,43,30,6,30076000,12," cli,  continuous-delivery,  continuous-integration,  expo,  github-actions, actions"
fabasoad,twilio-voice-call-action,utilities,351,0,1,1,0,2," cwe-1333, cwe-020",2.0,30,1,29,2,2,16,6,18089,30,0,30,0,18089000,24," github-actions,  twilio,  twilio-voice,  voice,  voice-assistant,  voicetext, github-action"
fjogeleit,yaml-update-action,utilities,58,3,1,1,0,5," cwe-200,  cwe-284, cwe-020",5.0,30,3,27,48,5,148,11,3978,30,6,30,2,3978000,11," ci,  configuration,  continuous-integration,  docker,  helm,  json,  yaml, actions"
forcedotcom,run-code-analyzer,security,150,0,1,9,0,10," cwe-080,  cwe-116,  cwe-1333,  cwe-22,  cwe-338,  cwe-400,  cwe-730, cwe-020",10.0,30,5,3,3,5,45,3,2360,30,4,30,3,2360000,21,nan
fpicalausa,remove-stale-branches,utilities,28,0,0,3,0,3," cwe-400,  cwe-730, cwe-020",3.0,30,7,16,11,3,20,8,2290,30,15,17,3,2290000,10,nan
frictionlessdata,frictionless-ci,code quality,5,0,0,0,0,0,nan,0.0,30,3,2,12,10,39,8,3794,30,14,18,2,3794000,11,nan
fwilhe2,setup-kotlin,continuous integration,489,0,0,2,0,2," cwe-1333, cwe-020",2.0,30,7,21,7,2,31,5,4708,30,2,30,2,4708000,12," kotlin,  programming,  scripting, actions"
gabrielfalcao,pyenv-action,dependency management,35,3,0,3,0,6," cwe-200,  cwe-284,  cwe-367,  cwe-377,  cwe-378, cwe-020",6.0,30,16,18,20,4,39,7,1999,30,22,30,13,1999000,10," github,  github-actions,  pip,  pyenv,  python,  python3,  virtualenv, actions"
gagoar,codeowners-generator,utilities,97,0,1,1,0,2," cwe-400, cwe-1333",2.0,30,6,7,10,5,57,15,1449,30,12,30,4,1449000,14," codeowners,  codeowners-files,  codeowners-generator,  monorepo, cli"
game-ci,unity-builder,game ci,922,2,16,8,1,27," cwe-078,  cwe-080,  cwe-088,  cwe-116,  cwe-1321,  cwe-1333,  cwe-200,  cwe-284,  cwe-400,  cwe-476,  cwe-835,  cwe-918,  cwe-94,  n/a, cwe-020",27.0,30,19,30,269,16,883,30,89242,30,78,30,15,89242000,21," build,  ci,  game-ci,  github,  hacktoberfest,  unity,  unity-actions,  unity-builder, actions"
gautamkrishnar,keepalive-workflow,utilities,83,0,1,4,0,5," cwe-269,  cwe-327,  cwe-328,  cwe-367, cwe-020",5.0,30,2,27,28,3,191,16,701,30,0,23,0,701000,10," automation,  cronjob,  github,  github-actions,  hacktoberfest,  trigger, actions"
getong,mariadb-action,container ci,249,2,7,13,3,25," cwe-1333,  cwe-20,  cwe-200,  cwe-259,  cwe-321,  cwe-400,  cwe-697,  cwe-77,  cwe-770,  cwe-798,  cwe-915, cwe-1321",25.0,30,1,12,9,3,25,6,34,17,2,11,0,34000,9,nan
github,accessibility-alt-text-bot,utilities,344,0,0,1,0,1,cwe-1333,1.0,30,23,9,16,7,78,8,9239,30,3,30,0,9239000,30," actions, accessibility"
github,branch-deploy,deployment,51,0,0,6,0,6," cwe-080,  cwe-116,  cwe-400,  cwe-730, cwe-020",6.0,30,1,30,50,67,421,18,31597,30,4,30,0,31597000,13," actions,  automation,  cicd,  continuous-deployment,  deploy,  deployment,  github,  github-action,  github-actions,  issueops,  workflows, action"
github,combine-prs,utilities,36,0,0,3,0,3," cwe-400,  cwe-730, cwe-020",3.0,30,4,19,6,66,121,10,2940,30,7,30,2,2940000,30," automation,  dependabot,  dependencies,  pull-requests,  repo-management, actions"
github,command,utilities,48,0,0,2,0,2,cwe-020,2.0,30,1,10,6,39,109,5,3663,30,2,30,0,3663000,30," chatops,  github-actions,  issueops,  workflows, automation"
google-github-actions,deploy-cloudrun,deployment,92,0,1,3,0,4," cwe-1333, cwe-020",4.0,30,3,30,120,11,490,16,4550,30,6,30,1,4550000,6," cloud-run,  cloudrun,  gcp,  github-actions,  google-cloud,  google-cloud-platform,  google-cloud-run, actions"
google-github-actions,get-gke-credentials,deployment,43,0,0,2,2,4," cwe-259,  cwe-321,  cwe-798, cwe-020",4.0,30,3,24,39,5,108,9,3828,30,1,30,0,3828000,6," gcp,  github-actions,  gke,  google-cloud,  google-cloud-platform,  google-kubernetes-engine,  kubernetes, actions"
google-github-actions,upload-cloud-storage,deployment,106,0,2,2,2,6," cwe-259,  cwe-321,  cwe-798, cwe-020",6.0,30,3,30,51,11,233,11,7540,30,0,30,0,7540000,6," gcp,  gcs,  github-actions,  google-cloud,  google-cloud-platform,  google-cloud-storage, actions"
grassedge,git-pr-release-action,deployment,431,3,14,21,5,43," cwe-080,  cwe-116,  cwe-1321,  cwe-1333,  cwe-173,  cwe-184,  cwe-20,  cwe-22,  cwe-319,  cwe-345,  cwe-400,  cwe-476,  cwe-668,  cwe-697,  cwe-74,  cwe-77,  cwe-770,  cwe-78,  cwe-915,  cwe-918,  cwe-94,  n/a, cwe-020",43.0,11,16,1,9,1,15,1,1819,24,20,20,16,1819000,10," pull-request,  release, github-actions"
h5bp,server-configs-test,testing,177,0,0,1,0,1,cwe-1333,1.0,30,2,30,17,6,42,4,5584,30,0,30,0,5584000,12," ci,  config,  github-actions,  h5bp,  standard,  test, actions"
jimmygchen,runner-fallback-action,utilities,14,0,0,1,0,1,cwe-020,1.0,30,9,2,7,4,21,4,291,27,6,27,6,291000,12," github-actions,  github-runners,  github-workflows,  self-hosted-runners, ci"
jitterbit,get-changed-files,utilities,653,4,14,20,3,41," cwe-1321,  cwe-1333,  cwe-173,  cwe-184,  cwe-20,  cwe-200,  cwe-345,  cwe-359,  cwe-400,  cwe-476,  cwe-697,  cwe-74,  cwe-770,  cwe-78,  cwe-915,  cwe-918, cwe-020",41.0,30,15,1,145,5,230,2,408,30,50,30,20,408000,10,nan
joao-zanutto,get-selected,utilities,38,0,0,2,0,2,cwe-020,2.0,20,4,3,0,1,18,1,412,16,4,14,3,412000,12," custom-actions,  github-actions,  manual-action, actions"
jontze,action-mdbook,deployment,801,0,0,2,0,2," cwe-1333, cwe-020",2.0,30,3,13,3,1,14,4,3379,30,4,30,1,3379000,14," github-actions,  marketplace,  mdbook,  mdbook-admonish,  mdbook-katex,  mdbook-linkcheck,  mdbook-mermaid,  mdbook-open-on-gh,  mdbook-plugin,  mdbook-plugins,  mdbook-preprocessor,  mdbook-toc,  mermaid, action"
jpb06,jest-badges-action,testing,673,3,5,4,0,12," cwe-078,  cwe-088,  cwe-1333,  cwe-20,  cwe-200,  cwe-284,  cwe-400,  cwe-918, cwe-020",12.0,30,3,30,19,2,35,3,1600,30,0,30,0,1600000,9," ci-cd,  github-actions,  jest,  test-coverage, badges"
julia-actions,registeraction,publishing,22,0,1,2,0,3," cwe-173,  cwe-74, cwe-1333",3.0,11,1,7,4,3,17,1,869,13,6,5,1,869000,9,nan
julia-actions,install-juliaup,continuous integration,41,0,0,0,0,0,nan,0.0,30,5,13,2,2,17,2,1031,30,9,30,4,1031000,15,nan
jwgmeligmeyling,pmd-github-action,security,70,0,2,4,1,7," cwe-1321,  cwe-173,  cwe-400,  cwe-74, cwe-020",7.0,11,12,2,9,2,13,2,1040,30,16,30,6,1040000,10," github-actions-java,  pmd,  static-analysis, github-actions"
kamilkisiela,bob,continuous integration,541,0,7,9,1,17," cwe-178,  cwe-184,  cwe-200,  cwe-367,  cwe-400,  cwe-50,  cwe-74,  cwe-79,  cwe-835, cwe-1333",17.0,30,10,23,12,7,48,13,1310,30,19,30,1,1310000,11," cli,  typescript,  yarn-workspaces, bundler"
kanadgupta,glitch-sync,deployment,5,0,0,0,0,0,nan,0.0,30,1,7,19,1,45,2,1113,30,0,30,0,1113000,11," github-actions,  glitch, action"
kanga333,variable-mapper,utilities,18,0,0,1,0,1,cwe-020,1.0,30,2,6,34,4,44,3,796,30,7,30,2,796000,10,github-actions
kevin-david,zipalign-sign-android-release,publishing,17,0,0,0,0,0,nan,0.0,30,3,4,9,2,23,10,41894,23,1,23,1,41894000,10,nan
kiegroup,git-backporting,continuous integration,68,0,0,8,6,14," cwe-259,  cwe-321,  cwe-798, cwe-020",14.0,30,1,27,9,2,19,8,2487,30,10,30,0,2487000,17," automation,  backport,  cherry-pick,  cli,  codeberg,  github,  github-actions,  gitlab,  hacktoberfest,  merge-requests,  pull-requests, action"
kiegroup,github-action-build-chain,utilities,103,0,5,3,5,13," cwe-20,  cwe-200,  cwe-259,  cwe-321,  cwe-352,  cwe-798,  cwe-918, cwe-020",13.0,30,11,30,25,5,86,11,5426,30,28,30,1,5426000,21," github-actions,  hacktoberfest,  workflow, github"
kitabisa,docker-slim-action,utilities,55,0,0,0,0,0,nan,0.0,27,4,6,5,4,25,4,3973,15,1,8,0,3973000,10," container,  docker,  docker-slim,  github-actions,  slim, actions"
ksivamuthu,aws-copilot-github-action,deployment,13,0,0,1,0,1,cwe-020,1.0,30,7,8,18,4,31,5,540,30,12,30,6,540000,12,nan
layer5labs,kanvas-snapshot,code review,513,0,5,8,0,13," cwe-1321,  cwe-1333,  cwe-20,  cwe-200,  cwe-352,  cwe-400,  cwe-476,  cwe-755,  cwe-918, cwe-020",13.0,30,26,30,24,5,28,17,1213,30,5,30,2,1213000,30," kubernetes,  kubernetes-controller,  meshery,  meshmap,  snapshot, iac"
laytan,setup-odin,utilities,120,0,2,12,0,14," cwe-1333,  cwe-338,  cwe-400,  cwe-730, cwe-020",14.0,30,3,17,3,3,19,3,16740,30,1,30,0,16740000,12,nan
leanix,nx-affected-dependencies-action,deployment,9,0,2,1,0,3," cwe-078,  cwe-088,  cwe-74, cwe-020",3.0,30,11,3,0,2,17,2,357,30,10,30,6,357000,12," nrwl-nx, monorepo"
lhotari,action-upterm,utilities,2,0,0,1,0,1,cwe-020,1.0,30,2,1,35,5,427,4,40,30,16,7,1,40000,9,nan
lindluni,actions-variable-groups,utilities,29,0,0,1,0,1,cwe-020,1.0,30,1,12,3,1,15,3,342,10,1,4,0,342000,10,github-actions
loopwerk,tag-changelog,deployment,37,0,0,1,0,1,cwe-020,1.0,30,1,16,15,4,62,4,311,18,0,7,0,311000,9," changelog,  changelog-generator,  github-actions, actions"
lukka,run-cmake,dependency management,378,0,2,2,0,4," cwe-080,  cwe-116,  cwe-1333, cwe-020",4.0,30,8,21,21,5,187,9,2361,30,8,30,0,2361000,12," cplusplus,  cpp,  git,  github-action,  ninja,  vcpkg, cmake"
lukka,run-vcpkg,dependency management,422,0,7,10,0,17," cwe-080,  cwe-116,  cwe-1333,  cwe-338,  cwe-400,  cwe-730,  cwe-77, cwe-020",17.0,30,15,30,27,5,199,9,4251,30,4,30,0,4251000,12," cplusplus,  cpp,  devops,  git,  github-action,  ninja,  vcpkg, cmake"
lwojcik,github-action-feed-to-social-media,utilities,3,0,0,0,0,0,nan,0.0,30,1,0,4,1,31,2,1871,30,0,30,0,1871000,10," atproto,  automation,  autoposter,  bluesky,  bsky,  discord,  feed,  github-action,  github-actions,  mastodon,  posse,  rss,  slack,  social-media,  twitter, atom"
machulav,ec2-github-runner,utilities,111,0,0,1,0,1,cwe-020,1.0,30,6,17,348,10,767,13,6121,30,67,30,7,6121000,10," aws,  cicd,  ec2,  ec2-instance,  ec2-runner,  github,  github-actions,  github-actions-runner,  github-workflow,  javascript,  on-demand,  runner,  self-hosted, actions-runner"
mainmatter,ember-asset-size-action,deployment,124,0,1,9,0,10," cwe-080,  cwe-116,  cwe-1333,  cwe-173,  cwe-400,  cwe-74, cwe-020",10.0,30,11,6,15,6,22,10,2053,30,12,30,9,2053000,14,nan
managedcode,mauiappversion,deployment,27,0,0,0,0,0,nan,0.0,25,1,8,1,1,20,2,821,4,1,1,0,821000,9," bumpversion,  csproj,  maui,  version, bump"
manusa,actions-setup-minikube,container ci,43,3,1,1,0,5," cwe-088,  cwe-1333,  cwe-200,  cwe-284, cwe-078",5.0,30,6,27,27,4,61,5,16197,30,10,30,4,16197000,10,nan
marocchino,validate-dependabot,dependency management,754,0,1,3,0,4," cwe-1333, cwe-020",4.0,30,7,7,5,3,26,4,3869,30,11,30,5,3869000,13,nan
martincostello,update-dotnet-sdk,utilities,72,0,0,4,0,4," cwe-327,  cwe-328,  cwe-367, cwe-020",4.0,30,1,30,1,3,18,5,14804,30,3,30,0,14804000,14," github-actions, dotnet"
masci,datadog,monitoring,13,0,0,0,0,0,nan,0.0,30,1,18,22,3,74,5,800,30,0,30,0,800000,10," datadog,  monitoring, actions"
matlab-actions,setup-matlab,utilities,61,0,0,0,0,0,nan,0.0,30,8,24,13,9,79,6,2975,30,19,30,2,2975000,10," matlab,  simulink, mathworks"
mattermost,action-mattermost-notify,utilities,17,0,0,2,0,2," cwe-367, cwe-020",2.0,30,1,6,10,34,44,5,2277,19,3,11,1,2277000,22," go,  golang,  hacktoberfest,  mattermost, github-actions"
mattzcarey,code-review-gpt,code review,1162,6,7,6,0,19," cwe-088,  cwe-1333,  cwe-22,  cwe-400,  cwe-405,  cwe-601,  cwe-74,  cwe-755,  cwe-79,  cwe-89, cwe-078",19.0,30,30,21,184,25,1798,30,4332,30,7,30,1,4332000,13," azure-devops,  chatgpt,  ci,  code-analysis,  code-quality,  code-review,  github,  gpt-3,  gpt-4-turbo,  gpt4,  huggingface,  langchain,  langchain-typescript,  llm,  llms,  openai,  opensource, azure"
mbogh,test-ssl-action,security,10,0,3,1,0,4," cwe-078,  cwe-088, cwe-020",4.0,22,1,6,5,2,22,3,258,10,2,8,1,258000,9,nan
mheap,automatic-approve-action,testing,32,0,0,1,0,1,cwe-173,1.0,15,8,10,2,3,15,3,773,23,5,17,5,773000,10,nan
mheap,require-checklist-action,code review,30,0,0,1,0,1," cwe-730, cwe-400",1.0,24,7,11,18,3,27,7,593,30,6,30,5,593000,10," hacktoberfest, github-action"
microsoft,richcodenavindexer,code review,380,4,11,21,4,40," cwe-1333,  cwe-173,  cwe-184,  cwe-20,  cwe-200,  cwe-22,  cwe-269,  cwe-352,  cwe-400,  cwe-697,  cwe-74,  cwe-755,  cwe-77,  cwe-915,  cwe-918, cwe-1321",40.0,30,13,30,14,8,26,13,80074,30,5,30,1,80074000,13,nan
mikepenz,action-junit-report,testing,145,0,0,3,0,3," cwe-400,  cwe-730, cwe-020",3.0,30,30,30,133,5,341,26,13753,30,9,30,4,13753000,11," automation,  cd,  ci,  github-actions,  hacktoberfest,  junit,  test,  test-automation,  workflow, actions"
mikesprague,teams-incoming-webhook-action,utilities,58,0,1,2,0,3,cwe-020,3.0,30,1,30,5,5,23,2,4710,30,3,30,0,4710000,14," adaptive-cards,  adaptivecards,  github-actions,  ms-teams,  msteams,  webhook, actions"
mlg87,pr-reviewer-slack-notify-action,code review,1093,0,2,6,0,8," cwe-080,  cwe-116,  cwe-1333,  cwe-400,  cwe-918, cwe-020",8.0,30,8,30,7,2,26,9,57203,30,9,30,1,57203000,11,nan
mlugg,setup-zig,utilities,78,0,0,2,0,2," cwe-400, cwe-020",2.0,21,2,5,11,2,116,6,5353,24,7,11,0,5353000,9,nan
moonrepo,setup-rust,utilities,406,0,1,3,0,4," cwe-400,  cwe-730, cwe-1333",4.0,30,1,27,9,4,102,4,5571,25,7,12,1,5571000,11,nan
moropo-com,action-trigger-test-run,testing,44,3,1,1,0,5," cwe-200,  cwe-284, cwe-020",5.0,30,4,14,1,1,13,6,986,30,1,30,0,986000,9,nan
mrrobotdotapp,classic-discord-webhook,chat,62,0,1,3,0,4," cwe-1333,  cwe-476, cwe-020",4.0,30,1,8,8,2,17,7,3126,19,0,16,0,3126000,9," discord-github,  discord-webhook,  github,  hacktoberfest,  webhook, discord"
necojackarc,auto-request-review,code review,36,0,0,2,0,2,cwe-020,2.0,30,2,19,34,3,130,15,199,30,25,30,2,199000,10," github,  github-actions,  glob,  pull-requests,  request-review, code-review"
nelonoel,branch-name,deployment,3,0,1,0,0,1,cwe-74,1.0,12,5,2,23,2,60,2,40,19,10,14,6,40000,10,actions
nick-fields,retry,utilities,15,3,2,0,0,5," cwe-078,  cwe-088,  cwe-200,  cwe-284, cwe-020",5.0,30,8,23,88,3,447,17,980,30,44,30,12,980000,11,nan
nicklegan,github-org-repo-metrics-action,utilities,66,0,2,6,0,8," cwe-1333,  cwe-287,  cwe-327, cwe-020",8.0,10,1,6,9,0,19,1,535,30,3,30,0,535000,11," developer-productivity,  dora,  innersource,  metrics, actions"
nix-community,cache-nix-action,continuous integration,92,2,8,12,0,22," cwe-200,  cwe-284,  cwe-400,  cwe-730, cwe-020",22.0,30,5,18,9,1,45,30,22173,30,12,11,0,22173000,10,nan
nowsecure,nowsecure-action,security,480,6,6,14,1,27," cwe-080,  cwe-116,  cwe-1333,  cwe-184,  cwe-200,  cwe-284,  cwe-367,  cwe-400,  cwe-693, cwe-020",27.0,30,2,4,15,8,37,8,6805,30,0,30,0,6805000,10," analysis,  frida,  nowsecure,  security,  security-tools,  vulnerability-detection, action"
ookami-kb,gh-pr-size-watcher,code review,28,2,1,2,1,6," cwe-200,  cwe-284,  cwe-400,  cwe-506,  cwe-730, cwe-020",6.0,30,1,7,5,3,13,1,965,12,1,8,0,965000,10,nan
oprypin,find-latest-tag,dependency management,28,0,0,1,0,1," cwe-730, cwe-400",1.0,30,3,8,15,3,34,4,3263,15,5,7,2,3263000,10," semver, github-actions"
opsless,ms-teams-github-actions,continuous integration,55,2,1,10,0,13," cwe-080,  cwe-116,  cwe-200,  cwe-284, cwe-020",13.0,30,11,20,8,4,39,5,1405,30,14,30,10,1405000,10," integration,  ms-teams,  notifications, github-actions"
oracle-actions,run-oci-cli-command,deployment,18,0,0,1,0,1,cwe-020,1.0,30,6,7,9,5,29,2,792,30,5,30,5,792000,14," github-actions,  oci-cli,  oracle-cloud,  oracle-cloud-infrastructure, actions"
paambaati,codeclimate-action,code review,508,0,1,1,0,2," cwe-088,  cwe-1333, cwe-078",2.0,30,18,30,65,5,202,20,21610,30,13,30,5,21610000,16," coverage,  github-actions,  nodejs,  quality,  typescript, codeclimate"
parkerbxyz,suggest-changes,code review,26,0,0,1,0,1,cwe-020,1.0,30,7,10,6,4,13,6,1410,30,5,30,3,1410000,13,hacktoberfest
pascalgn,automerge-action,code review,389,0,1,8,0,9," cwe-080,  cwe-116,  cwe-1333,  cwe-400,  cwe-730, cwe-020",9.0,30,11,30,215,9,877,30,1866,30,34,30,8,1866000,9," github-action,  github-api, github"
peaceiris,actions-mdbook,deployment,28,0,0,0,0,0,nan,0.0,30,7,25,24,3,305,5,2009,30,18,30,4,2009000,15," github-actions,  mdbook,  rust, actions"
peaceiris,actions-suggest-related-links,utilities,124,0,9,4,0,13," cwe-327,  cwe-345,  cwe-400,  cwe-669,  cwe-670,  cwe-697,  cwe-74,  cwe-75, cwe-200",13.0,30,19,5,2,3,31,3,1387,30,24,30,13,1387000,15," fasttext,  github-actions,  issue-management,  nlp, actions"
peckjon,reject-pr-approval-from-committer,code review,33,0,0,1,0,1,cwe-020,1.0,30,5,4,3,0,11,11,771,24,5,22,4,771000,10,nan
peter-evans,find-comment,utilities,36,0,0,3,0,3," cwe-400,  cwe-730, cwe-020",3.0,30,1,16,63,4,189,8,2315,30,2,30,0,2315000,12," github-comments,  github-issues, github-action"
philips-software,sonar-scanner-action,code quality,387,0,1,3,0,4," cwe-1333,  cwe-400, cwe-020",4.0,30,6,7,16,2,12,11,1291,30,12,30,3,1291000,13,hacktoberfest
pixee,upload-tool-results-action,security,50,2,1,1,2,6," cwe-259,  cwe-284,  cwe-321,  cwe-434,  cwe-798,  cwe-912,  cwe-918, cwe-200",6.0,30,4,17,0,4,14,5,1999,30,2,30,0,1999000,9,nan
shadowmoose,gha-loc-badge,utilities,22,1,1,1,0,3," cwe-400,  cwe-74, cwe-20",3.0,26,4,1,16,2,36,2,1144,8,5,5,2,1144000,10,nan
shallwefootball,upload-s3-action,continuous integration,73,0,2,1,0,3," cwe-1321,  cwe-835, cwe-020",3.0,30,1,10,158,2,169,9,270,30,30,30,8,270000,10,nan
sherlo-io,sherlo,testing,2884,5,10,18,0,33," cwe-080,  cwe-116,  cwe-1321,  cwe-1333,  cwe-200,  cwe-22,  cwe-248,  cwe-347,  cwe-400,  cwe-405,  cwe-476,  cwe-74,  cwe-79,  cwe-835,  cwe-918, cwe-020",33.0,30,8,30,1,1,28,4,275109,30,1,30,1,275109000,5," react-native,  review-tools,  storybook,  test,  test-automation,  testing,  testing-tools,  tests,  visual-test,  visual-testing,  visual-tests, component-visual-testing"
shimataro,ssh-key-action,deployment,13,0,2,4,0,6," cwe-327,  cwe-328,  cwe-367, cwe-020",6.0,30,4,26,89,8,586,2,13425,30,15,30,2,13425000,12," ssh-key, github-actions"
shioyang,check-pr-labels-on-push-action,project management,24,2,0,1,0,3," cwe-200,  cwe-284, cwe-020",3.0,29,3,13,18,2,16,1,201,30,4,30,2,201000,11," github-actions, actions"
shogo82148,actions-setup-redis,testing,49,0,0,0,0,0,nan,0.0,30,6,30,2,3,38,4,5695,30,7,30,4,5695000,13," github-actions,  redis, database"
shogo82148,actions-upload-release-asset,publishing,28,0,0,0,0,0,nan,0.0,30,6,30,7,2,81,4,5971,30,6,30,3,5971000,13,github-actions
shonansurvivors,actions-s3-cache,deployment,22,1,6,3,0,10," cwe-078,  cwe-080,  cwe-088,  cwe-116,  cwe-1321,  cwe-20,  cwe-74, cwe-020",10.0,25,8,2,13,1,13,1,746,15,4,14,3,746000,10,nan
sibiraj-s,action-eslint,code quality,31,0,2,2,0,4,cwe-020,4.0,30,1,15,15,4,47,9,598,22,3,11,1,598000,10," code-quality,  eslint,  github-action, ci"
sinedied,publish-devto,deployment,526,0,4,1,0,5," cwe-1333,  cwe-79, cwe-020",5.0,30,2,1,8,5,39,3,1653,30,3,27,0,1653000,10," automation,  blog,  devto,  github-actions,  hacktoberfest,  markdown,  publish, articles"
softprops,setup-aws-copilot,deployment,10,0,1,1,0,2," cwe-74, cwe-1333",2.0,14,1,1,19,5,26,3,157,9,2,8,1,157000,9,nan
squarecloudofc,github-action,deployment,32,0,2,1,0,3," cwe-078,  cwe-088, cwe-020",3.0,30,1,7,0,0,18,3,753,1,0,1,0,753000,9," nodejs,  squarecloud, github-actions"
stainless-api,upload-openapi-spec-action,utilities,167,0,1,1,0,2," cwe-1333, cwe-020",2.0,30,23,9,7,3,14,11,1047,30,10,30,9,1047000,10," api,  api-rest,  github-actions,  openapi,  readme,  sdk, actions"
steffen-karlsson,stalesweeper,support,19,2,1,2,0,5," cwe-200,  cwe-284, cwe-020",5.0,30,2,4,0,1,11,2,2513,24,3,22,1,2513000,11,nan
step-security,wait-for-secrets,security,37,0,0,1,0,1,cwe-020,1.0,30,14,8,18,3,279,7,4858,30,18,30,8,4858000,13," actions,  github-actions,  mfa,  security, action"
stepci,stepci,testing,281,0,3,0,2,5," cwe-352,  cwe-789,  cwe-94, cwe-200",5.0,30,4,30,78,12,1696,18,508,30,59,30,5,508000,13," api-client,  api-rest,  api-testing,  api-testing-framework,  automated-testing,  ci,  continuous-integration,  github-actions,  graphql,  grpc,  grpc-client,  integration-testing,  load-testing,  qa,  soap,  swagger,  test-automation,  testing-tools,  trpc, actions"
stoat-dev,stoat-action,utilities,2607,4,9,15,0,28," cwe-080,  cwe-116,  cwe-1333,  cwe-200,  cwe-307,  cwe-367,  cwe-400,  cwe-405,  cwe-476,  cwe-74,  cwe-770,  cwe-79,  cwe-835, cwe-020",28.0,30,6,14,3,1,67,4,11262,30,18,30,4,11262000,10," comment,  continuous-integration,  developer-tools,  github-action,  pull-request,  pull-requests,  stoat,  template, ci-cd-pipeline"
superman66,wakatime-sync,project management,52,0,4,5,0,9," cwe-1333,  cwe-173,  cwe-20,  cwe-200,  cwe-352,  cwe-770, cwe-020",9.0,30,3,1,107,3,115,4,933,30,5,16,3,933000,9," javascript,  sync,  wakatime,  wakatime-apikey,  wakatime-dashboard,  wakatime-sync, gist"
swinton,screenshot-website,code quality,103,1,1,3,0,5," cwe-22,  cwe-400,  cwe-476, cwe-1321",5.0,30,15,2,26,4,191,3,2388,30,17,30,7,2388000,12," github-actions,  screenshot,  website, actions"
synopsys-sig,detect-action,security,57,0,1,7,0,8," cwe-080,  cwe-116,  cwe-1333,  cwe-295,  cwe-297,  cwe-400,  cwe-74, cwe-020",8.0,30,13,2,32,9,28,6,5956,30,43,30,14,5956000,9,nan
sysdiglabs,scan-action,security,36,0,2,5,0,7," cwe-078,  cwe-088,  cwe-367,  cwe-377,  cwe-378, cwe-020",7.0,30,8,11,10,12,30,8,1069,30,7,30,4,1069000,10," scan,  scanning,  security,  sysdig-scanning,  vulnerability,  vulnerability-scanners, image-scanning"
szenius,notion-burndown,project management,59,2,2,5,0,9," cwe-080,  cwe-116,  cwe-173,  cwe-20,  cwe-319,  cwe-400,  cwe-730,  cwe-74,  n/a, cwe-020",9.0,30,1,7,24,4,64,2,4527,30,0,30,0,4527000,9," burndown-chart,  notion,  notion-api,  notion-database,  notion-enhancer,  scrum,  scrum-agile, burndown"
teatimeguest,setup-texlive-action,utilities,125,0,0,3,0,3," cwe-400,  cwe-730, cwe-020",3.0,30,4,30,2,4,44,3,10384,30,11,30,2,10384000,12," github-actions,  latex,  luatex,  pdftex,  tex,  texlive,  xetex, actions"
technote-space,create-pr-action,utilities,731,1,8,16,0,25," cwe-1333,  cwe-178,  cwe-200,  cwe-248,  cwe-400,  cwe-50,  cwe-74,  cwe-79,  cwe-835,  cwe-918, cwe-1321",25.0,30,8,30,6,2,30,2,21063,30,5,30,4,21063000,30,github-actions
test-room-7,action-update-file,utilities,53,0,1,2,0,3," cwe-1333,  cwe-400, cwe-020",3.0,30,2,17,10,3,40,6,581,24,4,12,1,581000,10," typescript, github-action"
test-summary,action,testing,25,0,0,0,0,0,nan,0.0,30,2,6,34,2,408,8,250,30,20,18,2,250000,10," ci-cd,  github-actions,  testing, actions"
the-actions-org,workflow-dispatch,utilities,161,0,1,3,0,4," cwe-1333,  cwe-400, cwe-020",4.0,30,6,5,51,3,69,11,437,24,1,24,1,437000,9,nan
thomaseizinger,keep-a-changelog-new-release,publishing,952,6,9,11,1,27," cwe-1321,  cwe-1333,  cwe-173,  cwe-184,  cwe-20,  cwe-345,  cwe-347,  cwe-359,  cwe-400,  cwe-476,  cwe-697,  cwe-74,  cwe-78,  cwe-915,  cwe-918, cwe-130",27.0,30,6,8,38,4,57,6,369,29,2,10,0,369000,9,nan
tibdex,backport,utilities,477,0,1,3,1,5," cwe-184,  cwe-400,  cwe-730, cwe-1333",5.0,30,9,8,66,4,74,9,2167,30,11,30,4,2167000,10," github-action,  javascript-github-action,  pull-requests, backport"
tinovyatkin,action-php-codesniffer,code review,45,0,2,1,1,4," cwe-078,  cwe-088,  cwe-506,  cwe-74, cwe-020",4.0,30,15,1,26,3,23,3,844,30,25,30,9,844000,9,nan
tj-actions,glob,continuous integration,543,0,0,1,0,1,cwe-020,1.0,30,8,30,21,2,17,10,9286,30,9,30,3,9286000,17," braces,  cicd,  github,  github-actions,  glob,  globstar,  minimatch,  pattern-matching, actions"
tmcw,notfoundbot,monitoring,642,0,13,22,4,39," cwe-080,  cwe-116,  cwe-1321,  cwe-1333,  cwe-173,  cwe-184,  cwe-269,  cwe-400,  cwe-697,  cwe-74,  cwe-77,  cwe-770,  cwe-915,  cwe-918,  cwe-94, cwe-020",39.0,30,5,9,7,4,114,6,3038,30,9,30,1,3038000,11," hugo,  jekyll, actions"
toshimaru,auto-author-assign,project management,27,0,0,1,0,1,cwe-020,1.0,30,4,30,21,4,105,6,1464,30,7,30,2,1464000,12,github-actions
tubone24,update_release,deployment,66,0,1,6,0,7," cwe-1333,  cwe-173,  cwe-74,  cwe-770, cwe-020",7.0,30,20,4,6,3,16,7,1500,30,23,30,10,1500000,13," github-releases, github-actions"
turtlequeue,setup-babashka,container ci,569,3,2,5,0,10," cwe-1321,  cwe-1333,  cwe-200,  cwe-284,  cwe-400, cwe-020",10.0,20,3,9,4,3,28,3,225,24,3,16,0,225000,9,nan
umani,changed-files,utilities,160,0,1,4,0,5," cwe-400,  cwe-730, cwe-1333",5.0,30,6,13,16,3,28,8,2003,30,2,23,1,2003000,10," github,  github-actions,  typescript,  workflows, ci"
usimd,pi-gen-action,publishing,52,3,0,0,0,3," cwe-284, cwe-200",3.0,30,6,8,11,3,49,4,1309,30,8,30,3,1309000,10," pi-gen,  raspberry-pi, actions"
varunsridharan,action-github-workflow-sync,utilities,53,0,1,2,0,3,cwe-020,3.0,30,5,8,15,3,65,7,1082,30,10,13,1,1082000,4," github-action-docker,  github-action-workflow,  github-action-workflow-sync,  github-actions,  github-workflow,  github-workflows,  sync,  vs-github-action,  workflow,  workflow-sync,  workflows, github-action"
vimtor,action-zip,utilities,243,2,8,13,3,26," cwe-080,  cwe-116,  cwe-1321,  cwe-1333,  cwe-173,  cwe-200,  cwe-22,  cwe-29,  cwe-400,  cwe-697,  cwe-77,  cwe-770,  cwe-915, cwe-020",26.0,30,1,3,33,3,89,11,50,30,10,15,0,50000,10,nan
vio,bundle-stats-action,utilities,90,0,1,4,0,5," cwe-20,  cwe-400,  n/a, cwe-1333",5.0,30,22,8,1,3,19,3,9559,30,25,30,12,9559000,12," bundle-stats,  github-action, bundle-size"
vlaurin,action-ghcr-prune,utilities,30,0,0,1,0,1,cwe-020,1.0,30,8,6,9,3,47,3,652,30,9,30,7,652000,16,nan
vn7n24fzkq,github-profile-summary-cards,utilities,143,0,0,10,0,10," cwe-080,  cwe-116,  cwe-184,  cwe-400, cwe-020",10.0,30,4,30,334,16,2778,30,22122,30,29,30,2,22122000,12," github-profile-readme,  hacktoberfest,  profile-readme,  profile-summary,  readme-stats,  star,  summary-cards,  trigger-action, github-action"
volta-cli,action,utilities,4,0,0,3,4,7," cwe-259,  cwe-321,  cwe-798, cwe-020",7.0,30,8,30,24,3,97,13,26719,30,13,30,6,26719000,12,hacktoberfest
wangyucode,sftp-upload-action,deployment,10,0,0,0,0,0,nan,0.0,30,1,14,23,3,59,5,1715,30,1,14,0,1715000,11,nan
wdzeng,edge-addon,publishing,447,0,2,2,0,4," cwe-400,  cwe-835, cwe-1333",4.0,30,5,13,2,2,16,5,823,16,1,6,0,823000,9," edge-extension,  github-action, edge-addon"
we-cli,coverage-badge-action,testing,3,0,0,0,0,0,nan,0.0,12,3,1,11,1,49,3,11,4,0,3,0,11000,9," coverage,  github-actions,  testing, ci"
wechuli,allcheckspassed,security,36,0,0,2,0,2,cwe-020,2.0,30,3,4,4,0,23,5,1378,30,4,30,2,1378000,11,nan
wenkokke,setup-agda,utilities,195,0,0,9,0,9," cwe-080,  cwe-116,  cwe-1333,  cwe-327,  cwe-367, cwe-020",9.0,30,11,9,3,3,26,4,16888,30,16,30,0,16888000,19,nan
wktk,github-project-connect-action,utilities,160,3,2,3,0,8," cwe-1333,  cwe-200,  cwe-284,  cwe-400, cwe-020",8.0,30,9,7,2,3,14,5,1852,30,8,30,7,1852000,10," github-actions,  github-projects,  javascript-action,  kanban,  project-management,  projects,  waffle,  waffle-io, actions"
workflow,nix-shell-action,dependency management,12,0,0,1,0,1,cwe-020,1.0,30,7,13,10,5,43,4,1273,30,5,30,4,1273000,12," ci,  nix,  nix-shell, actions"
worksome,jira-branch-name-validator-action,code quality,3,0,0,2,0,2," cwe-730, cwe-400",2.0,30,2,30,1,18,13,4,104,14,1,12,0,104000,9,nan
xavierlowmiller,xcodegen-action,mobile ci,9,0,0,0,0,0,nan,0.0,30,2,11,6,1,13,8,1341,18,1,14,0,1341000,10,nan
xeol-io,bumpgen,utilities,1006,4,2,6,0,12," cwe-400,  cwe-405,  cwe-476,  cwe-74,  cwe-79, cwe-1333",12.0,30,19,2,5,3,110,3,283,30,9,30,3,283000,13," ai-agent,  appsec,  bump-version,  react,  tsx,  typescript, ai"
xmake-io,github-action-setup-xmake,utilities,445,0,2,4,0,6," cwe-1333,  cwe-400,  cwe-730, cwe-020",6.0,30,3,7,6,4,30,6,2762,30,1,23,0,2762000,10," github-action,  setup-xmake,  xmake, ci"
xt0rted,dotnet-format,code quality,186,0,1,3,0,4," cwe-400, cwe-1333",4.0,30,14,4,26,4,32,4,1062,30,17,30,4,1062000,13," dotnet-core,  dotnet-format,  dotnet-tool,  github-actions,  linting, dotnet"
xt0rted,slash-command-action,chat,35,0,0,0,0,0,nan,0.0,30,10,4,8,3,67,5,3794,30,15,30,3,3794000,13," hacktoberfest,  slash-commands,  workflows, github-actions"
yanamura,git-flow-merge-action,utilities,352,0,2,4,0,6," cwe-1333,  cwe-400, cwe-020",6.0,30,9,5,1,2,15,3,1347,30,7,30,5,1347000,10," git-merge,  gitflow,  github-actions, git-flow"
yc-actions,yc-sls-container-deploy,deployment,104,0,0,2,0,2," cwe-1333,  cwe-400,  cwe-730, cwe-020",2.0,30,7,7,9,2,30,7,27526,30,1,30,0,27526000,12," github-actions,  serverless,  serverless-containers,  yandex-cloud, docker"
yogeshpaliyal,upload-indus-appstore,deployment,34,0,1,1,1,3," cwe-506,  cwe-918, cwe-200",3.0,30,7,6,0,1,19,1,11410,30,10,30,6,11410000,12," continuous-deployment,  deployment,  indus-app-store, ci-cd"
yuichielectric,dive-action,container ci,42,0,0,2,0,2,cwe-020,2.0,30,16,4,14,2,11,3,2641,30,14,30,2,2641000,10," code-review,  containers,  dockerfile, ci"
yuzutech,annotations-action,code review,28,0,1,2,0,3," cwe-173,  cwe-74, cwe-020",3.0,30,2,18,16,3,37,7,180,30,11,30,1,180000,11,nan
zentered,vercel-preview-url,utilities,26,0,0,1,1,2," cwe-259,  cwe-321,  cwe-798, cwe-020",2.0,30,1,21,11,2,32,7,2700,30,0,30,0,2700000,13," deployment,  github,  vercel,  vercel-deployment,  vercel-shorturl, action"
